Restaurant_id,Restaurant_link,Retaurant Name,Rating,price_for_one_two,Cousines
667962,https://www.swiggy.com/restaurants/paris-panini-gourmet-sandwiches-and-wraps-church-street-central-bangalore-bangalore-667962,Paris Panini - Gourmet Sandwiches & Wraps,4.5,₹500 FOR TWO,"Continental, Pastas, Salads, Snacks, Desserts, Fast Food, French"
3241,https://www.swiggy.com/restaurants/meghana-foods-residency-road-ashok-nagar-bangalore-3241,Meghana Foods,4.5,₹500 FOR TWO,"Biryani, Andhra, South Indian, North Indian, Chinese, Seafood"
109787,https://www.swiggy.com/restaurants/chianti-mg-road-bangalore-109787,Chianti,4.4,₹1250 FOR TWO,"Italian, Pizzas, Salads, Pastas, Desserts"
121603,https://www.swiggy.com/restaurants/kannur-food-point-sg-palya-tavarekere-bangalore-121603,Kannur Food Point,3.9,₹300 FOR TWO,"Kerala, Chinese"
574263,https://www.swiggy.com/restaurants/rahhams-pulikeshi-nagar-frazer-town-bangalore-574263,Rahhams,4.3,₹700 FOR TWO,"Biryani, Mughlai, North Indian, Kebabs, Chinese, Seafood, Beverages"
30531,https://www.swiggy.com/restaurants/hotel-empire-brigade-road-bangalore-30531,Hotel Empire,4.3,₹450 FOR TWO,"North Indian, Kebabs, Biryani"
484182,https://www.swiggy.com/restaurants/california-burrito-gandhi-bazaar-basavanagudi-bangalore-484182,California Burrito,4.5,₹250 FOR TWO,"Mexican, American, Salads, Continental, Keto, Healthy Food"
210945,https://www.swiggy.com/restaurants/royal-restaurant-sulthangunta-shivajinagar-bangalore-210945,Royal Restaurant,3.9,₹300 FOR TWO,"Chinese, North Indian, Tandoor"
29063,https://www.swiggy.com/restaurants/misu-ashok-nagar-st-marks-road-bangalore-29063,Misu,4.4,₹1300 FOR TWO,"Asian, Chinese, Vietnamese, Malaysian, Sushi, Singaporean, Desserts"
280474,https://www.swiggy.com/restaurants/empire-juices-and-desserts-gandhi-nagar-majestic-bangalore-280474,Empire Juices and Desserts,4,₹200 FOR TWO,"Ice Cream, Juices"
196047,https://www.swiggy.com/restaurants/new-taj-darbar-saint-marys-church-road-shivajinagar-bangalore-196047,New Taj Darbar,3.4,₹300 FOR TWO,"Biryani, Indian, Chinese, Tandoor, Seafood"
5938,https://www.swiggy.com/restaurants/burger-king-tasker-town-shivaji-nagar-bangalore-5938,Burger King,4.1,₹350 FOR TWO,"Burgers, American"
3369,https://www.swiggy.com/restaurants/truffles-ashok-nagar-st-marks-road-bangalore-3369,Truffles,4.4,₹450 FOR TWO,"American, Desserts, Continental, Italian"
252332,https://www.swiggy.com/restaurants/al-bek-sampige-road-malleshwaram-bangalore-252332,Al-Bek,4.2,₹500 FOR TWO,"Arabian, Tandoor, Biryani"
10575,https://www.swiggy.com/restaurants/pizza-hut-shanti-nagar-bangalore-10575,Pizza Hut,3.9,₹600 FOR TWO,Pizzas
424609,https://www.swiggy.com/restaurants/bikaner-sweets-4th-t-block-jayanagar-bangalore-424609,Bikaner Sweets,4.1,₹99 FOR TWO,Sweets
280474,https://www.swiggy.com/restaurants/empire-juices-and-desserts-gandhi-nagar-majestic-bangalore-280474,Empire Juices and Desserts,4,₹200 FOR TWO,"Ice Cream, Juices"
30959,https://www.swiggy.com/restaurants/kfc-garuda-mall-magrath-road-bangalore-30959,KFC,3.7,₹400 FOR TWO,"Burgers, Biryani, American, Snacks, Fast Food"
420484,https://www.swiggy.com/restaurants/keventers-ice-cream-garuda-mall-magrath-road-bangalore-420484,Keventers Ice Cream,4.4,₹200 FOR TWO,"Ice Cream, Desserts"
414818,https://www.swiggy.com/restaurants/ath-all-things-healthy-doopanahalli-indiranagar-bangalore-414818,ATH - All Things Healthy!,4.3,₹200 FOR TWO,"Healthy Food, Indian, Bakery, Snacks, North Indian, Keto"
424616,https://www.swiggy.com/restaurants/sea-spice-multicuisine-restaurant-sampige-road-malleshwaram-bangalore-424616,Sea Spice Multicuisine Restaurant,4.6,₹400 FOR TWO,"Seafood, Chinese, Biryani"
12808,https://www.swiggy.com/restaurants/a2b-adyar-ananda-bhavan-wilson-garden-shanti-nagar-bangalore-12808,A2B - Adyar Ananda Bhavan,4.4,₹300 FOR TWO,"South Indian, North Indian, Sweets, Chinese"
2915,https://www.swiggy.com/restaurants/watsons-vasanth-nagar-bangalore-2915,Watson's,3.2,₹450 FOR TWO,"Continental, Chinese, North Indian, Asian, European"
620897,https://www.swiggy.com/restaurants/narmada-chain-of-restaurant-madhavraya-mudaliar-raod-frazer-town-bangalore-620897,Narmada Chain Of Restaurant,4.4,₹500 FOR TWO,"Biryani, Andhra, South Indian"
609247,https://www.swiggy.com/restaurants/the-cake-fancy-patelamma-temple-street-basavanagudi-bangalore-609247,The cake fancy,--,₹250 FOR TWO,Bakery
698511,https://www.swiggy.com/restaurants/burma-burma-brigade-road-gr-floor-brigade-road-bangalore-698511,Burma Burma - Brigade Road,--,₹1300 FOR TWO,"Burmese, Asian, Salads, Ice Cream, Desserts"
464509,https://www.swiggy.com/restaurants/leons-burgers-and-wings-leon-grill-pulkeshi-nagar-frazer-town-bangalore-464509,Leon's - Burgers & Wings (Leon Grill),4.3,₹300 FOR TWO,"American, Snacks, Turkish, Portuguese, Continental"
263637,https://www.swiggy.com/restaurants/pure-veg-meals-by-lunchbox-1st-main-rd-vasanth-nagar-bangalore-263637,Pure Veg Meals by Lunchbox,4,₹200 FOR TWO,"Biryani, North Indian, Desserts, Beverages"
2824,https://www.swiggy.com/restaurants/fanoos-johnson-market-richmond-road-bangalore-2824,Fanoos,4,₹300 FOR TWO,"Biryani, Tandoor, Kebabs, Barbecue"
643832,https://www.swiggy.com/restaurants/wefit-bowls-salads-and-sandwiches-langford-road-santhinagar-bangalore-643832,"WeFit-Bowls, Salads & Sandwiches",--,₹250 FOR TWO,"Healthy Food, Salads, Keto, Snacks"
375141,https://www.swiggy.com/restaurants/shrinidhi-military-hotel-south-end-road-basavanagudi-bangalore-375141,Shrinidhi Military Hotel,3.9,₹299 FOR TWO,South Indian
576474,https://www.swiggy.com/restaurants/aromas-of-biryani-jayanagar-bangalore-576474,Aromas of Biryani,4,₹600 FOR TWO,Biryani
32738,https://www.swiggy.com/restaurants/donne-biryani-house-sampige-road-malleshwaram-bangalore-32738,Donne Biryani House,4,₹300 FOR TWO,"Biryani, South Indian"
29784,https://www.swiggy.com/restaurants/cakezone-domlur-layout-bangalore-29784,CakeZone,4.4,₹200 FOR TWO,"Bakery, Desserts, Sweets, Ice Cream"
94759,https://www.swiggy.com/restaurants/roti-ghar-gandhi-bazaar-main-road-basavanagudi-bangalore-94759,Roti Ghar,4.2,₹400 FOR TWO,"Chinese, South Indian, North Indian, Desserts, Fast Food, Beverages, Mughlai"
5247,https://www.swiggy.com/restaurants/corner-house-ice-cream-residency-road-ashok-nagar-bangalore-5247,Corner House Ice Cream,4.7,₹250 FOR TWO,"Ice Cream, Desserts"
382861,https://www.swiggy.com/restaurants/hotel-moon-light-kuvempu-road-malleshwaram-bangalore-382861,Hotel Moon Light,4.2,₹500 FOR TWO,"Indian, Chinese, Biryani, Tandoor"
426393,https://www.swiggy.com/restaurants/svss-biryani-cmh-road-indiranagar-bangalore-426393,SVSS Biryani,4.2,₹500 FOR TWO,"Hyderabadi, Andhra, Continental"
380655,https://www.swiggy.com/restaurants/siddique-kabab-centre-coles-park-frazer-town-bangalore-380655,Siddique kabab centre,4.2,₹200 FOR TWO,"Chinese, Arabian, Tandoor"
40443,https://www.swiggy.com/restaurants/new-shanti-sagar-3rd-block-rajajinagar-bangalore-40443,New Shanti Sagar,4.1,₹200 FOR TWO,"South Indian, Chinese, North Indian, Fast Food"
443424,https://www.swiggy.com/restaurants/n-razakhiya-hotel-umar-nagar-nagawara-bangalore-443424,N.Razakhiya Hotel,3.9,₹300 FOR TWO,"North Indian, Chinese, Tandoor, Sweets, Beverages"
6924,https://www.swiggy.com/restaurants/freshmenu-johnson-market-richmond-road-bangalore-6924,FreshMenu,4.1,₹250 FOR TWO,"Continental, Chinese, Oriental, Asian, Healthy Food, Fast Food, Indian, Desserts"
222046,https://www.swiggy.com/restaurants/chikpet-donne-biryani-house-palace-guttahalli-palace-guttahalli-seshadripuram-bangalore-222046,Chikpet Donne Biryani House Palace Guttahalli,4,₹300 FOR TWO,"Biryani, South Indian"
41100,https://www.swiggy.com/restaurants/nagarjuna-residency-road-ashok-nagar-bangalore-41100,Nagarjuna,4.4,₹600 FOR TWO,"Andhra, South Indian, Biryani, Beverages, Desserts"
264863,https://www.swiggy.com/restaurants/al-zara-mandi-arabian-restaurant-mm-road-frazer-town-bangalore-264863,Al Zara Mandi Arabian Restaurant,4.2,₹500 FOR TWO,"Arabian, North Indian, Indian, Desserts"
252667,https://www.swiggy.com/restaurants/maven-kitchen-vivek-nagar-ejipura-bangalore-252667,Maven Kitchen,4.4,₹199 FOR TWO,"Naga, Chinese"
478720,https://www.swiggy.com/restaurants/razakhiya-hotel-3rd-stage-hebbala-bangalore-478720,Razakhiya Hotel,4.1,₹300 FOR TWO,"North Indian, Indian"
432536,https://www.swiggy.com/restaurants/raidan-1st-block-r-t-nagar-bangalore-432536,Raidan,4,₹400 FOR TWO,"Arabian, Chinese, Beverages, Mughlai"
48556,https://www.swiggy.com/restaurants/imperial-restaurant-central-street-mg-road-bangalore-48556,Imperial Restaurant,4,₹400 FOR TWO,"Arabian, Chinese, Desserts, Mughlai, North Indian, Seafood, South Indian"
137297,https://www.swiggy.com/restaurants/chicken-county-restaurant-gandhi-nagar-k-g-circle-majestic-bangalore-137297,Chicken County Restaurant,4.2,₹300 FOR TWO,"North Indian, Chinese, Tandoor, Grill, Biryani, Kebabs, Ice Cream, Juices, South..."
307050,https://www.swiggy.com/restaurants/call-me-chow-8th-block-koramangala-bangalore-307050,Call Me Chow,4.3,₹400 FOR TWO,"Chinese, Pan-Asian"
611922,https://www.swiggy.com/restaurants/the-cake-deluxe-patelamma-temple-street-basavanagudi-bangalore-611922,The cake deluxe,4.6,₹250 FOR TWO,"Bakery, Desserts, Cafe"
3332,https://www.swiggy.com/restaurants/the-purple-pan-d-block-rajajinagar-bangalore-3332,The Purple Pan,4,₹400 FOR TWO,"Mughlai, North Indian, Chinese, Arabian, Biryani, Tandoor"
37027,https://www.swiggy.com/restaurants/7-plates-benson-cross-road-frazer-town-bangalore-37027,7 Plates,4.2,₹350 FOR TWO,"Biryani, Chinese, North Indian"
648545,https://www.swiggy.com/restaurants/aramane-donne-biriyani-margosa-rd-malleshwaram-bangalore-648545,Aramane Donne Biriyani,--,₹399 FOR TWO,"Biryani, Indian"
1371,https://www.swiggy.com/restaurants/hotel-savitha-family-restaurant-4th-block-koramangala-bangalore-1371,Hotel Savitha Family Restaurant,3.9,₹150 FOR TWO,"North Indian, South Indian, Biryani, Chinese, Indian, Tandoor, Beverages"
684427,https://www.swiggy.com/restaurants/cafe-amudham-lalbhagh-siddapura-jayanagar-bangalore-684427,Cafe Amudham,4.6,₹400 FOR TWO,"South Indian, Snacks"
17167,https://www.swiggy.com/restaurants/the-punjabi-rasoi-100-feet-road-indiranagar-bangalore-17167,The Punjabi Rasoi,4.3,₹800 FOR TWO,North Indian
639122,https://www.swiggy.com/restaurants/namaste-sampige-road-malleshwaram-bangalore-639122,Namaste,4.1,₹100 FOR TWO,"South Indian, Thalis, Snacks, Biryani, Indian, Chinese, Desserts, Beverages"
61983,https://www.swiggy.com/restaurants/rajathadri-food-fort-7th-block-jayanagar-bangalore-61983,Rajathadri Food Fort,4.3,₹350 FOR TWO,"Chinese, South Indian, North Indian, Desserts"
63048,https://www.swiggy.com/restaurants/sharief-bhai-frazer-town-bangalore-63048,Sharief Bhai,4.2,₹400 FOR TWO,"Mughlai, Biryani, Arabian, Kebabs, Beverages, Desserts"
28570,https://www.swiggy.com/restaurants/royal-treat-5th-block-koramangala-bangalore-28570,Royal Treat,4.1,₹193 FOR TWO,"Biryani, Mughlai, Seafood, North Indian"
29673,https://www.swiggy.com/restaurants/natural-ice-cream-ashok-nagar-st-marks-road-bangalore-29673,Natural Ice Cream,4.6,₹150 FOR TWO,"Ice Cream, Desserts"
35188,https://www.swiggy.com/restaurants/savoury-seashell-restaurant-bhavani-layout-bannerghatta-main-road-bangalore-35188,Savoury Seashell Restaurant,4,₹450 FOR TWO,"Arabian, Indian, Chinese, Tandoor, Biryani, Seafood, Kerala"
40098,https://www.swiggy.com/restaurants/thottathil-restaurant-maruti-nagar-btm-layout-bangalore-40098,Thottathil Restaurant,3.8,₹200 FOR TWO,South Indian
146304,https://www.swiggy.com/restaurants/hyderabad-biryaani-house-victoria-road-ashok-nagar-bangalore-146304,Hyderabad Biryaani House,4.1,₹499 FOR TWO,Indian
92384,https://www.swiggy.com/restaurants/ambur-star-briyani-since-1890-2nd-stage-indiranagar-bangalore-92384,Ambur Star Briyani Since 1890,4.3,₹600 FOR TWO,"Biryani, Chettinad, Andhra, Beverages, Seafood"
30034,https://www.swiggy.com/restaurants/manis-dum-biryani-haudin-road-ulsoor-bangalore-30034,Mani's Dum Biryani,4.3,₹499 FOR TWO,Biryani
58103,https://www.swiggy.com/restaurants/sahanas-nati-style-wilson-garden-austin-town-bangalore-58103,Sahana's (Nati Style),4,₹200 FOR TWO,"South Indian, Biryani, Chinese"
8766,https://www.swiggy.com/restaurants/beijing-bites-richmond-town-richmond-road-bangalore-8766,Beijing Bites,4.1,₹450 FOR TWO,Chinese
448116,https://www.swiggy.com/restaurants/the-bowl-company-akkithimanahalli-shanti-nagar-bangalore-448116,The Bowl Company,4.4,₹300 FOR TWO,"Pan-Asian, Continental, North Indian, Desserts, American, Asian, Beverages, Biry..."
251194,https://www.swiggy.com/restaurants/chickpet-donne-biriyani-house-7th-block-koramangala-bangalore-251194,Chickpet donne biriyani house,3.9,₹250 FOR TWO,Biryani
655141,https://www.swiggy.com/restaurants/onesta-sampige-road-malleshwaram-bangalore-655141,Onesta,3.7,₹200 FOR TWO,"Italian, Desserts, Pizzas"
455002,https://www.swiggy.com/restaurants/chicking-binnipete-rajajinagar-bangalore-455002,Chicking,4.1,₹500 FOR TWO,"American, Grill, Fast Food, Snacks, Pizzas, Mexican, Beverages"
123985,https://www.swiggy.com/restaurants/hyderabad-biryani-hotel-sampige-road-malleshwaram-bangalore-123985,Hyderabad Biryani Hotel,4.3,₹500 FOR TWO,"Biryani, Chinese, Hyderabadi, Andhra, North Indian"
3434,https://www.swiggy.com/restaurants/nandhini-deluxe-ashok-nagar-st-marks-road-bangalore-3434,Nandhini Deluxe,4.2,₹500 FOR TWO,"Andhra, Biryani, Chinese, North Indian"
716666,https://www.swiggy.com/restaurants/new-kadai-restaurant-b-b-m-p-west-rajajinagar-bangalore-716666,New Kadai Restaurant,--,₹250 FOR TWO,"North Indian, Biryani, Seafood, Snacks"
80517,https://www.swiggy.com/restaurants/savoury-restaurant-mosque-road-frazer-town-bangalore-80517,Savoury Restaurant,4.3,₹450 FOR TWO,"Arabian, Indian, Chinese, Tandoor, Biryani, Seafood, Kerala"
5893,https://www.swiggy.com/restaurants/polar-bear-ice-cream-sundaes-kavilakshmisha-road-basavanagudi-bangalore-5893,Polar Bear Ice Cream Sundaes,4.5,₹300 FOR TWO,"Ice Cream, Desserts"
170539,https://www.swiggy.com/restaurants/donne-biryani-adda-appareddy-palya-indiranagar-bangalore-170539,Donne Biryani Adda,3.2,₹200 FOR TWO,"Biryani, South Indian, Desserts, Beverages"
31765,https://www.swiggy.com/restaurants/donne-biriyani-angadi-mane-bashyam-circle-malleshwaram-bangalore-31765,Donne Biriyani Angadi Mane,3.8,₹300 FOR TWO,"Biryani, South Indian"
429712,https://www.swiggy.com/restaurants/le-arabia-restaurant-koramangala-bangalore-429712,Le Arabia Restaurant,3.7,₹400 FOR TWO,"Arabian, North Indian, Chinese, Beverages, Ice Cream"
3454,https://www.swiggy.com/restaurants/lazeez-5th-block-koramangala-bangalore-3454,Lazeez,4.2,₹500 FOR TWO,"North Indian, Mughlai"
86443,https://www.swiggy.com/restaurants/nic-ice-creams-pulikeshi-nagar-frazer-town-bangalore-86443,NIC Ice Creams,4.6,₹120 FOR TWO,"Ice Cream, Desserts"
570511,https://www.swiggy.com/restaurants/bakingo-mv-jayanthi-road-vasanth-nagar-bangalore-570511,Bakingo,4.4,₹299 FOR TWO,"Bakery, Desserts, Beverages, Snacks"
115437,https://www.swiggy.com/restaurants/karnataka-biryani-point-ln-puram-rajajinagar-bangalore-115437,Karnataka biryani point,4,₹250 FOR TWO,"Biryani, Kebabs, Grill"
396753,https://www.swiggy.com/restaurants/wendys-kmk-towers-residency-road-bangalore-396753,Wendy's,4,₹200 FOR TWO,"Fast Food, Snacks, American, Burgers, Desserts, Beverages"
197238,https://www.swiggy.com/restaurants/the-belgian-waffle-co-sri-vasavi-temple-street-basavanagudi-bangalore-197238,The Belgian Waffle Co.,4.3,₹200 FOR TWO,"Waffle, Desserts, Ice Cream, Beverages"
285175,https://www.swiggy.com/restaurants/thalairaj-biryani-2nd-stage-indiranagar-bangalore-285175,Thalairaj Biryani,4.2,₹300 FOR TWO,"Andhra, Biryani, Hyderabadi, South Indian, Indian, Combo, Beverages"
2824,https://www.swiggy.com/restaurants/fanoos-johnson-market-richmond-road-bangalore-2824,Fanoos,4,₹300 FOR TWO,"Biryani, Tandoor, Kebabs, Barbecue"
492159,https://www.swiggy.com/restaurants/roti-walaa-5th-block-koramangala-bangalore-492159,Roti Walaa,4.2,₹200 FOR TWO,"Home Food, North Indian, Thalis"
705282,https://www.swiggy.com/restaurants/shree-krishna-vaibhava-opp-veeresha-theater-magadi-main-road-vijayanagar-bangalore-705282,Shree Krishna Vaibhava,3.7,₹100 FOR TWO,Indian
446562,https://www.swiggy.com/restaurants/dairy-day-ice-creams-narayanappa-garden-btm-layout-bangalore-446562,Dairy Day Ice Creams,4.6,₹200 FOR TWO,"Ice Cream, Desserts"
12808,https://www.swiggy.com/restaurants/a2b-adyar-ananda-bhavan-wilson-garden-shanti-nagar-bangalore-12808,A2B - Adyar Ananda Bhavan,4.4,₹300 FOR TWO,"South Indian, North Indian, Sweets, Chinese"
102324,https://www.swiggy.com/restaurants/kapoors-cafe-3rd-block-jayanagar-bangalore-102324,Kapoor's Cafe,4.3,₹500 FOR TWO,North Indian
163604,https://www.swiggy.com/restaurants/tomba-kitchen-vivek-nagar-ejipura-bangalore-163604,Tomba kitchen,4.3,₹300 FOR TWO,Chinese
345281,https://www.swiggy.com/restaurants/abubakar-siddiq-hotel-mohammedan-block-malleswaram-bangalore-345281,Abubakar Siddiq Hotel,4.3,₹300 FOR TWO,"Indian, Chinese"
448238,https://www.swiggy.com/restaurants/homely-akkithimanahalli-shanti-nagar-bangalore-448238,Homely,4.4,₹200 FOR TWO,"Home Food, North Indian, South Indian, Beverages, Desserts, Thalis"
440897,https://www.swiggy.com/restaurants/rnr-biryani-taste-of-1953-4th-block-jayanagar-bangalore-440897,RNR Biryani - Taste of 1953,4.3,₹350 FOR TWO,"Biryani, South Indian, Kebabs, Beverages, Desserts"
132622,https://www.swiggy.com/restaurants/marwadi-chaat-and-tiffin-services-shanti-nagar-lakshmi-road-shanthi-nagar-bangalore-132622,Marwadi Chaat & Tiffin Services Shanti nagar,3.7,₹300 FOR TWO,"Rajasthani, North Indian, Snacks, Chaat"
393840,https://www.swiggy.com/restaurants/chinese-wok-chikka-lakshmaiah-layout-adugodi-bangalore-393840,Chinese Wok,3.8,₹250 FOR TWO,"Chinese, Asian, Tibetan, Desserts"
24990,https://www.swiggy.com/restaurants/bhartiya-jalpan-100-feet-road-indiranagar-bangalore-24990,Bhartiya Jalpan,4.1,₹300 FOR TWO,"North Indian, Sweets, Desserts, Chaat"
448568,https://www.swiggy.com/restaurants/sultan-rolls-and-sandwiches-sg-palya-btm-layout-bangalore-448568,Sultan Rolls & Sandwiches,3.6,₹150 FOR TWO,"Snacks, Chinese, Biryani"
195274,https://www.swiggy.com/restaurants/lassi-and-juice-hkp-road-shivajinagar-bangalore-195274,Lassi and Juice,4,₹150 FOR TWO,"Continental, Desserts, Juices, Ice Cream"
156627,https://www.swiggy.com/restaurants/sreeraj-lassi-bar-1973s-palace-road-race-course-road-bangalore-156627,Sreeraj Lassi Bar 1973s,4.3,₹250 FOR TWO,Beverages
215832,https://www.swiggy.com/restaurants/asha-food-camp-3rd-block-rajajinagar-bangalore-215832,Asha Food Camp,4.4,₹250 FOR TWO,Indian
503961,https://www.swiggy.com/restaurants/istah-the-mediterranean-way-akkithimanahalli-santhi-nagar-bangalore-503961,Istah - The Mediterranean Way,4.3,₹250 FOR TWO,"Arabian, Biryani, Mediterranean, Lebanese, Snacks, Beverages"
12396,https://www.swiggy.com/restaurants/new-shanthi-sagar-rv-road-jayanagar-bangalore-12396,New Shanthi Sagar,4,₹400 FOR TWO,"North Indian, Chinese, Fast Food"
317934,https://www.swiggy.com/restaurants/kwality-walls-frozen-dessert-and-ice-cream-shop-5th-cross-wilson-garden-bangalore-317934,Kwality Walls Frozen Dessert and Ice Cream Shop,4.6,₹200 FOR TWO,"Desserts, Ice Cream, Ice Cream Cakes"
61597,https://www.swiggy.com/restaurants/sagar-restaurant-nehru-circle-seshadripuram-bangalore-61597,Sagar Restaurant,4.1,₹399 FOR TWO,"North Indian, Chinese, Chaat, Tandoor, Jain"
2408,https://www.swiggy.com/restaurants/suchi-ruchi-10th-cross-road-malleshwaram-bangalore-2408,Suchi Ruchi,4,₹200 FOR TWO,"South Indian, Chinese, Chaat, North Indian, Snacks"
414271,https://www.swiggy.com/restaurants/thar-the-taste-of-rajasthan-5th-block-koramangala-bangalore-414271,THAR the taste of Rajasthan,4.1,₹100 FOR TWO,"Thalis, Sweets"
130367,https://www.swiggy.com/restaurants/new-alameen-restaurant-bazaar-street-halasuru-bangalore-130367,New Alameen Restaurant,3.9,₹300 FOR TWO,"Biryani, Kerala, Meat, North Indian, South Indian"
657064,https://www.swiggy.com/restaurants/pizza-house-am-road-sulthangunta-shivaji-nagar-bangalore-657064,Pizza House,3.1,₹400 FOR TWO,Pizzas
55531,https://www.swiggy.com/restaurants/andhra-ruchulu-jayanagar-bangalore-55531,Andhra Ruchulu,4.3,₹500 FOR TWO,"Andhra, Chettinad, Chinese, Desserts, North Indian, Seafood"
113839,https://www.swiggy.com/restaurants/sagar-fast-food-8th-block-koramangala-bangalore-113839,Sagar fast food,4.4,₹200 FOR TWO,"Chinese, South Indian, North Indian"
61790,https://www.swiggy.com/restaurants/sardarji-londonwaley-7th-block-koramangala-bangalore-61790,Sardarji Londonwaley,3.8,₹350 FOR TWO,"Indian, North Indian, Punjabi, Chinese, Biryani"
361866,https://www.swiggy.com/restaurants/peetuk-7th-cross-domlur-bangalore-361866,Peetuk,4.1,₹500 FOR TWO,"Bengali, Chinese"
502957,https://www.swiggy.com/restaurants/andhra-gunpowder-shivananda-circle-seshadripuram-bangalore-502957,Andhra Gunpowder,4.4,₹350 FOR TWO,"Andhra, Biryani, South Indian"
195407,https://www.swiggy.com/restaurants/paradise-biryani-60-ft-road-rajajinagar-bangalore-195407,Paradise Biryani,3.9,₹400 FOR TWO,"Biryani, Kebabs, North Indian, Hyderabadi"
456784,https://www.swiggy.com/restaurants/roti-wale-khb-colony-koramangala-bangalore-456784,Roti Wale,4.5,₹300 FOR TWO,"Home Food, North Indian, Thalis"
322,https://www.swiggy.com/restaurants/madurai-idly-shop-7th-block-koramangala-bangalore-322,Madurai Idly Shop,4.1,₹150 FOR TWO,South Indian
252412,https://www.swiggy.com/restaurants/anjappar-brigade-road-bangalore-252412,Anjappar,4,₹400 FOR TWO,"Chettinad, Thalis, Biryani, Chinese, Tandoor, South Indian, North Indian"
224982,https://www.swiggy.com/restaurants/oru-vadakkan-cafe-5th-block-koramangala-bangalore-224982,Oru Vadakkan Cafe,4.1,₹400 FOR TWO,"Kerala, Biryani, South Indian, Chinese, Seafood, Beverages"
42061,https://www.swiggy.com/restaurants/gokul-veg-dvg-road-basavanagudi-bangalore-42061,Gokul Veg,4.3,₹500 FOR TWO,"North Indian, Jain, Indian, Beverages, Desserts"
58100,https://www.swiggy.com/restaurants/sagar-delicacy-sivanchetti-gardens-ulsoor-bangalore-58100,Sagar Delicacy,4.4,₹300 FOR TWO,"North Indian, South Indian, Chinese"
195893,https://www.swiggy.com/restaurants/sri-krishna-nandagokula-veg-ulsoor-indiranagar-bangalore-195893,Sri Krishna Nandagokula Veg,4,₹149 FOR TWO,"South Indian, Chinese, North Indian"
614642,https://www.swiggy.com/restaurants/soul-rasa-akkithimanahalli-shanti-nagar-bangalore-614642,Soul Rasa,4.4,₹400 FOR TWO,"Indian, Healthy Food, Home Food, South Indian, North Indian"
394070,https://www.swiggy.com/restaurants/tera-bites-khb-colony-koramangala-bangalore-394070,Tera Bites,4.3,₹200 FOR TWO,Chinese
101751,https://www.swiggy.com/restaurants/fiero-pizzeria-6th-block-koramangala-bangalore-101751,Fiero! Pizzeria,4,₹400 FOR TWO,"Pizzas, Italian, Pastas, Desserts, Beverages"
464835,https://www.swiggy.com/restaurants/bowl-soul-aga-abdullah-street-richmond-town-bangalore-464835,Bowl Soul,4,₹250 FOR TWO,"Indian, Asian, Continental, Pan-Asian, Chinese, Mediterranean, Mexican, Lebanese..."
3062,https://www.swiggy.com/restaurants/rolls-on-wheels-hanumanthanagar-st-marks-road-bangalore-3062,Rolls On Wheels,4.3,₹300 FOR TWO,Snacks
46650,https://www.swiggy.com/restaurants/richie-rich-sivananda-circle-race-course-road-bangalore-46650,Richie Rich,4.3,₹500 FOR TWO,"Desserts, Snacks, Chaat, Ice Cream"
66474,https://www.swiggy.com/restaurants/twiststick-house-kavi-lakshmisha-road-basavanagudi-bangalore-66474,Twiststick House,4,₹300 FOR TWO,"Jain, North Indian, Continental, Italian, Beverages, Thai"
322300,https://www.swiggy.com/restaurants/the-pastry-house-wilson-garden-shanti-nagar-bangalore-322300,The Pastry House,4.1,₹150 FOR TWO,Bakery
355450,https://www.swiggy.com/restaurants/kolkata-famous-kati-roll-chamarajpet-basavangudi-bangalore-355450,Kolkata Famous Kati Roll,3.6,₹99 FOR TWO,"Snacks, Beverages"
387335,https://www.swiggy.com/restaurants/biryani-by-kilo-6th-block-koramangala-bangalore-387335,Biryani By Kilo,4,₹500 FOR TWO,"Biryani, Hyderabadi, North Indian, Kebabs, Mughlai, Desserts"
353030,https://www.swiggy.com/restaurants/chowman-1st-stage-indiranagar-bangalore-353030,Chowman,4.2,₹800 FOR TWO,"Chinese, Thai, Seafood, Beverages, Desserts"
402710,https://www.swiggy.com/restaurants/warmoven-cake-and-desserts-millars-road-vasanth-nagar-bangalore-402710,WarmOven Cake & Desserts,3.7,₹200 FOR TWO,"Bakery, Desserts, Ice Cream, Beverages"
58746,https://www.swiggy.com/restaurants/srinidhi-sagar-deluxe-1st-stage-domlur-bangalore-58746,Srinidhi Sagar Deluxe,4.2,₹200 FOR TWO,"South Indian, North Indian, Indian, Chinese, Beverages, Desserts"
139114,https://www.swiggy.com/restaurants/main-lassi-shop-shivajinagar-no-55-cockburn-road-central-bangalore-bangalore-139114,Main Lassi Shop,3.8,₹250 FOR TWO,"Beverages, Juices, Ice Cream, Pizzas, Desserts"
561133,https://www.swiggy.com/restaurants/milana-fast-food-4th-block-koramangala-bangalore-561133,Milana Fast Food,3.5,₹320 FOR TWO,"South Indian, Chinese, Biryani"
42739,https://www.swiggy.com/restaurants/hotel-udupi-ruchi-5th-block-rajajinagar-bangalore-42739,Hotel Udupi Ruchi,4.1,₹300 FOR TWO,"South Indian, Chinese, Desserts, North Indian"
399118,https://www.swiggy.com/restaurants/nisarga-garden-dvg-road-basavanagudi-bangalore-399118,Nisarga Garden,4.3,₹200 FOR TWO,"North Indian, South Indian, Chaat, Beverages"
46656,https://www.swiggy.com/restaurants/mangalore-lunch-home-sg-palya-tavarekere-bangalore-46656,Mangalore Lunch Home,4,₹600 FOR TWO,"Chinese, North Indian, Seafood, South Indian"
17376,https://www.swiggy.com/restaurants/glens-bakehouse-lavelle-road-ashok-nagar-bangalore-17376,Glen's Bakehouse,4.4,₹500 FOR TWO,"Desserts, Bakery, Beverages, Continental, Italian"
302699,https://www.swiggy.com/restaurants/barbeque-nation-ulsoor-bangalore-302699,Barbeque Nation,4,₹600 FOR TWO,"North Indian, Barbecue, Biryani, Kebabs, Mughlai, Desserts"
20637,https://www.swiggy.com/restaurants/szechuan-dragon-hanumanthanagar-basavanagudi-bangalore-20637,Szechuan Dragon,4.1,₹500 FOR TWO,"Chinese, Thai"
362457,https://www.swiggy.com/restaurants/the-bengal-club-1st-stage-domlur-bangalore-362457,The Bengal Club,4.1,₹500 FOR TWO,Bengali
382537,https://www.swiggy.com/restaurants/singh-da-punjabi-dhaba-7th-block-koramangala-bangalore-382537,Singh Da Punjabi Dhaba,3.8,₹200 FOR TWO,"Punjabi, Tandoor, Chinese"
132686,https://www.swiggy.com/restaurants/mumbai-xpress-5th-block-koramangala-bangalore-132686,Mumbai Xpress,3.9,₹200 FOR TWO,"North Indian, Chinese"
375045,https://www.swiggy.com/restaurants/paratha-envy-6th-block-koramangala-bangalore-375045,Paratha Envy,4.4,₹249 FOR TWO,North Indian
224868,https://www.swiggy.com/restaurants/ambur-dum-biriyani-binnamangala-indiranagar-bangalore-224868,Ambur Dum Biriyani,3.8,₹300 FOR TWO,"Indian, Mughlai"
421765,https://www.swiggy.com/restaurants/karavali-family-restaurant-residency-road-brigade-road-bangalore-421765,Karavali Family Restaurant,4,₹200 FOR TWO,"Mangalorean, Seafood, Chinese, Coastal"
69883,https://www.swiggy.com/restaurants/kanti-sweets-cunningham-road-ashok-nagar-bangalore-69883,Kanti Sweets,4.6,₹100 FOR TWO,Desserts
18464,https://www.swiggy.com/restaurants/fresh-bites-appareddy-palya-indiranagar-bangalore-18464,Fresh Bites,3.9,₹200 FOR TWO,"North Indian, South Indian, Chinese, Juices, Tandoor"
31194,https://www.swiggy.com/restaurants/tasty-magic-sg-palya-btm-layout-bangalore-31194,Tasty Magic,3.3,₹300 FOR TWO,"Chinese, Arabian, North Indian, Desserts, Biryani, South Indian"
426730,https://www.swiggy.com/restaurants/theobroma-vittal-malya-road-ashok-nagar-bangalore-426730,Theobroma,4.6,₹500 FOR TWO,"Desserts, Bakery, Beverages"
167573,https://www.swiggy.com/restaurants/northwind-restaurant-sheshadripuram-malleshwaram-bangalore-167573,Northwind Restaurant,4.3,₹400 FOR TWO,"Mangalorean, South Indian, Biryani, North Indian"
102334,https://www.swiggy.com/restaurants/dindigul-thalappakatti-mg-road-bangalore-102334,Dindigul Thalappakatti,4,₹650 FOR TWO,"Biryani, Barbecue, South Indian, Chinese, North Indian"
423134,https://www.swiggy.com/restaurants/lassi-shop-gandhi-nagar-majestic-bangalore-423134,Lassi Shop,--,₹150 FOR TWO,Beverages
527591,https://www.swiggy.com/restaurants/wow-momo-church-street-ashok-nagar-bangalore-527591,Wow! Momo,4.2,₹300 FOR TWO,"Tibetan, Healthy Food, Asian, Chinese, Snacks, Continental, Desserts, Beverages"
111229,https://www.swiggy.com/restaurants/kabab-palace-6th-block-rajajinagar-bangalore-111229,Kabab Palace,4.3,₹400 FOR TWO,"Chinese, South Indian, North Indian, Andhra, Seafood, Punjabi, Hyderabadi"
392828,https://www.swiggy.com/restaurants/big-bowl-chikka-lakshmaiah-layout-adugodi-bangalore-392828,Big Bowl,3.8,₹250 FOR TWO,"North Indian, Chinese, Tibetan, Desserts"
44462,https://www.swiggy.com/restaurants/xo-belgian-waffle-5th-block-koramangala-bangalore-44462,XO Belgian Waffle,4.3,₹250 FOR TWO,Desserts
160172,https://www.swiggy.com/restaurants/da-ying-yang-benson-town-vasanth-nagar-bangalore-160172,DA Ying Yang,4.1,₹240 FOR TWO,Chinese
501638,https://www.swiggy.com/restaurants/idc-kitchen-residency-road-bangalore-501638,IDC Kitchen,4.4,₹200 FOR TWO,"South Indian, North Indian"
255436,https://www.swiggy.com/restaurants/chaat-street-5th-block-koramangala-bangalore-255436,Chaat Street,4.1,₹200 FOR TWO,"Snacks, Chaat, Street Food, North Indian, Fast Food"
314519,https://www.swiggy.com/restaurants/chandus-deluxe-naati-style-sadashiv-nagar-malleshwaram-bangalore-314519,Chandus deluxe (Naati style),4.1,₹250 FOR TWO,"Indian, South Indian, Chinese"
197009,https://www.swiggy.com/restaurants/kunafa-world-pulakeshinagar-frazer-town-bangalore-197009,Kunafa World,4.5,₹500 FOR TWO,Middle Eastern
562239,https://www.swiggy.com/restaurants/sri-udupi-food-hub-bhuvanappa-layout-s-g-palya-bangalore-562239,Sri Udupi Food Hub,4.3,₹200 FOR TWO,"South Indian, North Indian, Chinese, Indian, Ice Cream, Chaat, Beverages, Desser..."
453,https://www.swiggy.com/restaurants/chichabas-taj-mm-road-frazer-town-bangalore-453,Chichabas Taj,4.1,₹532 FOR TWO,"Mughlai, North Indian, Biryani"
606918,https://www.swiggy.com/restaurants/chickpet-donne-biryani-house-3rd-block-jayanagar-bangalore-606918,Chickpet Donne Biryani House,3.9,₹250 FOR TWO,"Biryani, Kebabs, South Indian"
411244,https://www.swiggy.com/restaurants/green-donne-biriyani-and-kabab-center-nagappa-street-malleshwaram-bangalore-411244,Green Donne Biriyani and Kabab Center,3.9,₹200 FOR TWO,"Indian, Biryani"
352792,https://www.swiggy.com/restaurants/grameen-kulfi-robertson-road-frazer-town-bangalore-352792,Grameen Kulfi,4.8,₹120 FOR TWO,"Ice Cream, Desserts"
712024,https://www.swiggy.com/restaurants/indian-restaurant-r-t-nagar-frazer-town-bangalore-712024,Indian Restaurant,4.4,₹250 FOR TWO,"North Indian, Kebabs, Desserts, Salads"
80118,https://www.swiggy.com/restaurants/taco-bell-ashok-nagar-magrath-road-bangalore-80118,Taco Bell,4.3,₹300 FOR TWO,Mexican
107119,https://www.swiggy.com/restaurants/shahi-family-restaurant-swamy-vivekananda-ulsoor-bangalore-107119,Shahi Family Restaurant,3.7,₹299 FOR TWO,"Seafood, Tandoor, Chinese, North Indian, South Indian"
146490,https://www.swiggy.com/restaurants/karnataka-bhel-house-chamrajpet-basavanagudi-bangalore-146490,Karnataka Bhel House,4.4,₹100 FOR TWO,Chaat
454000,https://www.swiggy.com/restaurants/biryani-hotel-5th-block-koramangala-bangalore-454000,Biryani Hotel,3.2,₹150 FOR TWO,"Biryani, Indian, Arabian"
593433,https://www.swiggy.com/restaurants/five-star-chicken-jumma-masjid-oph-road-shivajinagar-bangalore-593433,Five Star Chicken,3.8,₹400 FOR TWO,"Fast Food, American, Snacks"
41104,https://www.swiggy.com/restaurants/adigas-k-g-road-majestic-bangalore-41104,Adiga's,3.9,₹200 FOR TWO,"South Indian, North Indian, Chinese, Thalis, Juices, Desserts"
56718,https://www.swiggy.com/restaurants/tapri-by-the-corner-5th-block-koramangala-bangalore-56718,Tapri By The Corner,4,₹250 FOR TWO,"North Indian, Chinese, Snacks, Indian"
676003,https://www.swiggy.com/restaurants/shawarma-on-wheels-cunningham-road-central-bangalore-bangalore-676003,Shawarma on Wheels,4.1,₹400 FOR TWO,"Arabian, Snacks, Fast Food"
23847,https://www.swiggy.com/restaurants/dominos-pizza-rest-house-road-brigade-road-bangalore-23847,Domino's Pizza,4.2,₹400 FOR TWO,"Pizzas, Italian, Pastas, Desserts"
300609,https://www.swiggy.com/restaurants/chungs-chinese-corner-cunningham-road-cunningham-road-bangalore-300609,Chungs Chinese Corner - Cunningham Road,4.4,₹450 FOR TWO,"Chinese, Snacks"
244578,https://www.swiggy.com/restaurants/big-bang-pizza-pulakeshinagar-frazer-town-bangalore-244578,Big Bang Pizza,4.2,₹300 FOR TWO,"Pizzas, Pastas, Continental"
143934,https://www.swiggy.com/restaurants/hotel-revoli-inn-shantinagar-shanti-nagar-bangalore-143934,Hotel Revoli Inn,4,₹400 FOR TWO,"Indian, Chinese, Tandoor, South Indian"
311183,https://www.swiggy.com/restaurants/san-tung-chinese-16th-cross-road-malleshwaram-bangalore-311183,San Tung Chinese,4,₹250 FOR TWO,"Chinese, Tibetan"
5312,https://www.swiggy.com/restaurants/meat-and-eat-2nd-stage-indiranagar-bangalore-5312,Meat and Eat,4,₹300 FOR TWO,Biryani
444178,https://www.swiggy.com/restaurants/magnolia-bakery-jk-plaza-indiranagar-bangalore-444178,Magnolia Bakery,4.5,₹500 FOR TWO,"Bakery, Desserts, Ice Cream"
61785,https://www.swiggy.com/restaurants/punjabi-nawabi-7th-block-koramangala-bangalore-61785,Punjabi Nawabi,3.8,₹350 FOR TWO,"Chinese, North Indian, Punjabi"
133174,https://www.swiggy.com/restaurants/taste-of-malabar-maruti-nagar-btm-layout-bangalore-133174,Taste of malabar,4.2,₹230 FOR TWO,"Kerala, South Indian, Seafood, Chinese"
3013,https://www.swiggy.com/restaurants/backyard-burgers-and-grill-defence-colony-indiranagar-bangalore-3013,Backyard Burgers and Grill,4.1,₹250 FOR TWO,"Burgers, Snacks, American, Beverages, Desserts, Fast Food, Arabian, Indian, Sala..."
460146,https://www.swiggy.com/restaurants/la-heaven-coles-road-frazer-town-bangalore-460146,La Heaven,4.2,₹300 FOR TWO,"Bakery, Desserts, Beverages"
375141,https://www.swiggy.com/restaurants/shrinidhi-military-hotel-south-end-road-basavanagudi-bangalore-375141,Shrinidhi Military Hotel,3.9,₹299 FOR TWO,South Indian
3900,https://www.swiggy.com/restaurants/mad-over-donuts-ashok-nagar-magrath-road-bangalore-3900,Mad Over Donuts,3.9,₹200 FOR TWO,"Desserts, Sweets, Bakery"
449876,https://www.swiggy.com/restaurants/shyam-mishra-juice-centre-llp-chickpet-majestic-bangalore-449876,Shyam Mishra Juice Centre Llp,4.4,₹160 FOR TWO,"Juices, Beverages"
246151,https://www.swiggy.com/restaurants/maedah-8th-block-koramangala-bangalore-246151,MAEDAH,3.3,₹450 FOR TWO,"Arabian, Tandoor, Chinese"
571338,https://www.swiggy.com/restaurants/the-punjabi-kitchen-hal-2nd-stage-indiranagar-bangalore-571338,The Punjabi kitchen,3.7,₹5 FOR TWO,"North Indian, Bengali, South Indian, Fast Food, Chinese, Biryani, Desserts, Kera..."
3949,https://www.swiggy.com/restaurants/rajdhani-malleshwaram-bangalore-3949,Rajdhani,4,₹400 FOR TWO,"Gujarati, Rajasthani, North Indian"
647582,https://www.swiggy.com/restaurants/smoky-docky-khb-colony-koramangala-bangalore-647582,Smoky Docky,4.3,₹250 FOR TWO,"Snacks, Desserts"
580691,https://www.swiggy.com/restaurants/rollsking-5th-block-koramangala-bangalore-580691,Rollsking,4.1,₹300 FOR TWO,"North Indian, Fast Food, Beverages"
38725,https://www.swiggy.com/restaurants/belgian-waffle-factory-millers-road-vasanth-nagar-bangalore-38725,Belgian Waffle Factory,4.1,₹300 FOR TWO,"American, Desserts"
439141,https://www.swiggy.com/restaurants/biryani-blues-church-street-ashok-nagar-bangalore-439141,Biryani Blues,4.2,₹400 FOR TWO,"Biryani, Kebabs, Lucknowi, Hyderabadi"
1050,https://www.swiggy.com/restaurants/nagarjuna-chimney-3rd-block-jaya-nagar-bangalore-1050,Nagarjuna Chimney,4.3,₹800 FOR TWO,"Seafood, Andhra, Biryani, South Indian, Desserts, Beverages"
724339,https://www.swiggy.com/restaurants/dakshin-authentic-coastal-cuisine-binnamangala-indiranagar-bangalore-724339,DAKSHIN(Authentic Coastal Cuisine),4.9,₹800 FOR TWO,"Coastal, Seafood, Indian, Tandoor, Biryani, Desserts, Konkan, Mangalorean"
649992,https://www.swiggy.com/restaurants/now-boarding-cafe-main-rd-jayanagar-bangalore-649992,Now Boarding Cafe,--,₹500 FOR TWO,"Beverages, Fast Food, Chinese, Italian-American"
696231,https://www.swiggy.com/restaurants/itc-sunfeast-baked-creations-shivaji-nagar-dispensary-rd-bangalore-696231,ITC Sunfeast Baked Creations,4.6,₹600 FOR TWO,"Bakery, Desserts, Continental, Cafe, Snacks"
448116,https://www.swiggy.com/restaurants/the-bowl-company-akkithimanahalli-shanti-nagar-bangalore-448116,The Bowl Company,4.4,₹300 FOR TWO,"Pan-Asian, Continental, North Indian, Desserts, American, Asian, Beverages, Biry..."
2811,https://www.swiggy.com/restaurants/art-of-delight-ice-creams-sundaes-and-desserts-residency-road-ashok-nagar-bangalore-2811,"Art of Delight - Ice Creams, Sundaes and Desserts",4.5,₹250 FOR TWO,"Ice Cream, Desserts, Beverages"
557828,https://www.swiggy.com/restaurants/adil-biryani-house-5th-block-koramangala-bangalore-557828,Adil Biryani House,3.5,₹200 FOR TWO,"Biryani, Hyderabadi"
575237,https://www.swiggy.com/restaurants/veg-daawat-by-behrouz-142-k-h-road-shanti-nagar-bangalore-575237,Veg Daawat by Behrouz,--,₹500 FOR TWO,"Biryani, Mughlai, Lucknowi, Hyderabadi, Desserts, Beverages"
681685,https://www.swiggy.com/restaurants/thalassery-restaurant-pulikeshi-nagar-frazer-town-bangalore-681685,Thalassery Restaurant,3.8,₹150 FOR TWO,"Biryani, Snacks"
439647,https://www.swiggy.com/restaurants/gerry-s-kitchen-xavier-layout-richmond-road-bangalore-439647,Gerry 's kitchen,--,₹450 FOR TWO,"Indian, Seafood"
121603,https://www.swiggy.com/restaurants/kannur-food-point-sg-palya-tavarekere-bangalore-121603,Kannur Food Point,3.9,₹300 FOR TWO,"Kerala, Chinese"
3062,https://www.swiggy.com/restaurants/rolls-on-wheels-hanumanthanagar-st-marks-road-bangalore-3062,Rolls On Wheels,4.3,₹300 FOR TWO,Snacks
18533,https://www.swiggy.com/restaurants/mangaluru-seafood-3rd-block-jayanagar-bangalore-18533,Mangaluru Seafood,4,₹500 FOR TWO,"Mangalorean, Seafood"
29673,https://www.swiggy.com/restaurants/natural-ice-cream-ashok-nagar-st-marks-road-bangalore-29673,Natural Ice Cream,4.6,₹150 FOR TWO,"Ice Cream, Desserts"
402783,https://www.swiggy.com/restaurants/kouzina-kafe-the-food-court-millars-road-vasanth-nagar-bangalore-402783,Kouzina Kafe - The Food Court,3.6,₹150 FOR TWO,"Bakery, Desserts, Ice Cream, Beverages"
449876,https://www.swiggy.com/restaurants/shyam-mishra-juice-centre-llp-chickpet-majestic-bangalore-449876,Shyam Mishra Juice Centre Llp,4.4,₹160 FOR TWO,"Juices, Beverages"
3900,https://www.swiggy.com/restaurants/mad-over-donuts-ashok-nagar-magrath-road-bangalore-3900,Mad Over Donuts,3.9,₹200 FOR TWO,"Desserts, Sweets, Bakery"
2821,https://www.swiggy.com/restaurants/xian-yellappa-chetty-layout-ulsoor-bangalore-2821,Xian,4.3,₹600 FOR TWO,"Chinese, Seafood, Thai, Pan-Asian"
503592,https://www.swiggy.com/restaurants/hari-super-sandwich-kumara-park-west-seshadripuram-bangalore-503592,Hari Super Sandwich,3.7,₹300 FOR TWO,"Fast Food, Snacks"
405531,https://www.swiggy.com/restaurants/mr-tea-maruti-nagar-btm-layout-bangalore-405531,Mr. Tea,4,₹200 FOR TWO,"Snacks, Indian"
385,https://www.swiggy.com/restaurants/juice-junction-koramangala-bangalore-385,Juice Junction,4.5,₹150 FOR TWO,Juices
30179,https://www.swiggy.com/restaurants/chungs-pavilion-2nd-stage-indiranagar-bangalore-30179,Chung's Pavilion,4.4,₹600 FOR TWO,Chinese
365222,https://www.swiggy.com/restaurants/green-chilly-2nd-stage-d-block-rajajinagar-bangalore-365222,Green Chilly,4.2,₹300 FOR TWO,"Chinese, North Indian, Indian"
423814,https://www.swiggy.com/restaurants/hotel-annapoorna-gandhi-nagar-majestic-bangalore-423814,Hotel Annapoorna,4.4,₹450 FOR TWO,"Biryani, Andhra"
211,https://www.swiggy.com/restaurants/tandoor-hut-5th-block-koramangala-bangalore-211,Tandoor Hut,4.4,₹300 FOR TWO,Biryani
84742,https://www.swiggy.com/restaurants/svi-food-jogupalya-halasuru-bangalore-84742,SVI Food,4.5,₹200 FOR TWO,North Indian
308,https://www.swiggy.com/restaurants/bangalikhana-7th-block-koramangala-bangalore-308,Bangalikhana,4.2,₹350 FOR TWO,"Bengali, Mughlai, Sweets"
442789,https://www.swiggy.com/restaurants/the-dessert-heaven-pure-veg-2nd-stage-domlur-layout-bangalore-442789,The Dessert Heaven - Pure Veg,4.4,₹200 FOR TWO,"Bakery, Desserts, Sweets, Ice Cream"
389279,https://www.swiggy.com/restaurants/sri-srinivas-pork-hotel-vivek-nagar-ejipura-bangalore-389279,Sri Srinivas Pork Hotel,3.2,₹99 FOR TWO,"South Indian, Chinese, Snacks"
696367,https://www.swiggy.com/restaurants/fungs-chinese-xpress-btm-layout-koramangala-bangalore-696367,Fung's Chinese Xpress,3.8,₹250 FOR TWO,"Chinese, Asian"
379251,https://www.swiggy.com/restaurants/shawarma21-lakshmi-narayana-puram-rajajinagar-bangalore-379251,Shawarma21,3.8,₹150 FOR TWO,"Arabian, Fast Food"
396741,https://www.swiggy.com/restaurants/faasos-wraps-and-rolls-residency-road-shantinagar-bangalore-396741,Faasos - Wraps & Rolls,4.2,₹200 FOR TWO,"Kebabs, Fast Food, Snacks, North Indian, American, Healthy Food, Desserts, Bever..."
2820,https://www.swiggy.com/restaurants/khan-saheb-grills-and-rolls-tasker-town-commercial-street-bangalore-2820,Khan Saheb Grills and Rolls,4.2,₹300 FOR TWO,"Tandoor, Mughlai, North Indian, Kebabs"
430932,https://www.swiggy.com/restaurants/thakali-momos-1st-stage-btm-layout-bangalore-430932,Thakali Momos,4.2,₹300 FOR TWO,"Chinese, Thalis"
402719,https://www.swiggy.com/restaurants/cupcake-bliss-cake-and-desserts-padmavathi-complex-vasanth-nagar-bangalore-402719,Cupcake Bliss Cake & Desserts,3.7,₹200 FOR TWO,"Bakery, Desserts, Ice Cream, Beverages"
2414,https://www.swiggy.com/restaurants/gundappa-donne-biryani-1st-main-road-sheshadripuram-bangalore-2414,Gundappa Donne Biryani,3.8,₹200 FOR TWO,Biryani
47446,https://www.swiggy.com/restaurants/tasty-paradise-tirur-park-road-malleshwaram-bangalore-47446,Tasty Paradise,4.1,₹250 FOR TWO,"Andhra, Chinese, Mughlai, North Indian, Seafood"
396750,https://www.swiggy.com/restaurants/the-biryani-life-residency-road-shantinagar-bangalore-396750,The Biryani Life,3.9,₹250 FOR TWO,"Biryani, Mughlai, Lucknowi, Hyderabadi, Kebabs, Desserts, Beverages"
394898,https://www.swiggy.com/restaurants/al-fillfilah-mandi-majlis-4th-t-block-jayanagar-bangalore-394898,Al Fillfilah Mandi Majlis,4.2,₹250 FOR TWO,Arabian
699173,https://www.swiggy.com/restaurants/five-star-chicken-cubbonpet-main-rd-basavanagudi-bangalore-699173,Five Star Chicken,--,₹150 FOR TWO,Fast Food
396748,https://www.swiggy.com/restaurants/the-good-bowl-residency-road-shantinagar-bangalore-396748,The Good Bowl,4.2,₹400 FOR TWO,"Biryani, North Indian, Pastas, Punjabi, Desserts, Beverages"
628642,https://www.swiggy.com/restaurants/karims-original-from-jama-masjid-delhi-6-ashok-nagar-st-marks-road-bangalore-628642,KARIM'S- Original from Jama Masjid Delhi- 6,4.1,₹800 FOR TWO,"Mughlai, Biryani, North Indian, Kebabs, Desserts"
92713,https://www.swiggy.com/restaurants/bombay-kulfis-sheshadripuram-malleshwaram-bangalore-92713,Bombay Kulfis,4.4,₹300 FOR TWO,"Desserts, Ice Cream"
622202,https://www.swiggy.com/restaurants/mojo-pizza-2x-toppings-langford-road-shantinagar-bangalore-622202,MOJO Pizza - 2X Toppings,4.2,₹250 FOR TWO,"Pizzas, Italian, Fast Food, Desserts"
690393,https://www.swiggy.com/restaurants/the-srirangam-cafe-double-road-indiranagar-bangalore-690393,The Srirangam Cafe,4.4,₹300 FOR TWO,South Indian
571337,https://www.swiggy.com/restaurants/sri-ram-bhojanalay-hal-2nd-stage-indiranagar-bangalore-571337,Sri Ram Bhojanalay,3.8,₹5 FOR TWO,"North Indian, Bengali, South Indian, Fast Food, Chinese, Biryani, Desserts, Kera..."
53503,https://www.swiggy.com/restaurants/brik-oven-church-street-bangalore-53503,Brik Oven,4.2,₹700 FOR TWO,"Italian, Pizzas, Desserts, Beverages"
2611,https://www.swiggy.com/restaurants/bathinda-junction-5th-block-koramangala-bangalore-2611,Bathinda Junction,4,₹250 FOR TWO,North Indian
609247,https://www.swiggy.com/restaurants/the-cake-fancy-patelamma-temple-street-basavanagudi-bangalore-609247,The cake fancy,--,₹250 FOR TWO,Bakery
519153,https://www.swiggy.com/restaurants/lepchas-restaurant-1st-block-rajajinagar-bangalore-519153,Lepcha's Restaurant,4.3,₹300 FOR TWO,Chinese
707740,https://www.swiggy.com/restaurants/hotel-prashanth-ain-road-basavanagudi-bangalore-707740,Hotel Prashanth,4,₹500 FOR TWO,"Andhra, Chinese"
394204,https://www.swiggy.com/restaurants/friendly-neighbourhood-pizza-man-vv-puram-vishweshwarapura-basavanagudi-bangalore-394204,"Friendly Neighbourhood Pizza-Man, VV Puram",4.6,₹260 FOR TWO,Pizzas
22369,https://www.swiggy.com/restaurants/new-punjabi-hotel-the-nexus-mall-koramangala-bangalore-22369,New Punjabi Hotel,3.6,₹160 FOR TWO,North Indian
50711,https://www.swiggy.com/restaurants/sri-krishna-sagar-6th-block-koramangala-bangalore-50711,Sri Krishna Sagar,4.3,₹200 FOR TWO,"South Indian, North Indian, Beverages, Jain"
69876,https://www.swiggy.com/restaurants/subway-ub-city-ashok-nagar-bangalore-69876,Subway,4.1,₹350 FOR TWO,"Fast Food, Salads, Snacks, Desserts, Beverages"
398070,https://www.swiggy.com/restaurants/jain-and-veg-cuisines-kavi-lakshmisha-road-basavanagudi-bangalore-398070,Jain and Veg Cuisines,4,₹300 FOR TWO,"Indian, Jain, Beverages, Chinese"
654154,https://www.swiggy.com/restaurants/new-prashanth-hotel-market-rd-basavanagudi-bangalore-654154,New Prashanth Hotel,4.3,₹500 FOR TWO,"Biryani, Beverages, Indian"
531344,https://www.swiggy.com/restaurants/n-r-donne-biriyani-1st-block-jayanagar-bangalore-531344,N R Donne Biriyani,4.1,₹250 FOR TWO,"Biryani, South Indian"
580194,https://www.swiggy.com/restaurants/sakkath-dosa-gandhi-bazaar-basavanagudi-bangalore-580194,Sakkath Dosa,4.1,₹150 FOR TWO,South Indian
403197,https://www.swiggy.com/restaurants/the-dessert-zone-millars-road-vasanth-nagar-bangalore-403197,The Dessert Zone,3.6,₹200 FOR TWO,"Bakery, Desserts, Ice Cream, Beverages"
124178,https://www.swiggy.com/restaurants/starbucks-coffee-ashok-nagar-lavelle-road-bangalore-124178,Starbucks Coffee,4.3,₹400 FOR TWO,"Beverages, Cafe, Snacks, Desserts, Bakery, Ice Cream"
709752,https://www.swiggy.com/restaurants/melting-cheese-rangaswamy-temple-st-basavanagudi-bangalore-709752,Melting Cheese,--,₹200 FOR TWO,"Pizzas, Fast Food"
655584,https://www.swiggy.com/restaurants/prasuma-momo-kitchen-at-industrial-layout-koramangala-bangalore-655584,Prasuma Momo Kitchen,4.5,₹300 FOR TWO,"Chinese, Asian, Snacks, Tibetan, Street Food, Japanese, Pan-Asian, Beverages"
711748,https://www.swiggy.com/restaurants/salad-days-sarvagna-nagar-indiranagar-bangalore-711748,Salad Days,4.8,₹500 FOR TWO,"Salads, Healthy Food, Beverages"
555992,https://www.swiggy.com/restaurants/kesar-rajasthani-parotha-point-vishweshwarapura-basavanagudi-bangalore-555992,Kesar Rajasthani Parotha Point,4.4,₹200 FOR TWO,"Rajasthani, Indian"
627097,https://www.swiggy.com/restaurants/rr-vatika-punjabi-dhaba-jayanagar-basavanagudi-bangalore-627097,RR Vatika - Punjabi Dhaba,3.9,₹300 FOR TWO,"North Indian, Chaat, Chinese, Thalis"
91629,https://www.swiggy.com/restaurants/sheeshkebab-mm-road-frazer-town-bangalore-91629,Sheeshkebab,4.1,₹600 FOR TWO,"Persian, Arabian, Indian, Middle Eastern, Biryani"
10094,https://www.swiggy.com/restaurants/delicacy-pulakeshinagar-frazer-town-bangalore-10094,Delicacy,4.2,₹400 FOR TWO,"Chinese, Thai"
564750,https://www.swiggy.com/restaurants/kailash-parbat-ibrahim-sahib-street-commercial-street-bangalore-564750,Kailash Parbat,4.1,₹300 FOR TWO,"North Indian, Street Food"
471129,https://www.swiggy.com/restaurants/elixir-luxury-pearls-drink-khb-colony-koramangala-bangalore-471129,Elixir - Luxury Pearls Drink,4.3,₹400 FOR TWO,"Beverages, Desserts, Ice Cream, Juices, Korean, Healthy Food"
631571,https://www.swiggy.com/restaurants/ryu-ramen-co-6th-block-koramangala-bangalore-631571,Ryu Ramen Co.,4.3,₹600 FOR TWO,"Japanese, Asian"
418389,https://www.swiggy.com/restaurants/auntie-fungs-hal-2nd-stage-indiranagar-bangalore-418389,Auntie Fung's,4.1,₹600 FOR TWO,"Chinese, Thai, Asian"
117871,https://www.swiggy.com/restaurants/green-onion-chinese-residency-road-residency-road-ashok-nagar-bangalore-117871,Green Onion Chinese-Residency Road,4.4,₹600 FOR TWO,Chinese
376109,https://www.swiggy.com/restaurants/veg-brooo-chinese-2nd-stage-indiranagar-bangalore-376109,Veg Brooo chinese,3.8,₹300 FOR TWO,"Chinese, North Indian, Snacks"
56991,https://www.swiggy.com/restaurants/brownie-heaven-2nd-stage-indiranagar-bangalore-56991,Brownie Heaven,4.2,₹300 FOR TWO,"Desserts, Snacks, Ice Cream, Bakery"
498722,https://www.swiggy.com/restaurants/khao-momo-1st-stage-indiranagar-bangalore-498722,Khao Momo,4.3,₹250 FOR TWO,"Tibetan, Nepalese, Asian, Chinese"
333837,https://www.swiggy.com/restaurants/polammas-mess-chikku-lakshmaiah-layout-adugodi-bangalore-333837,Polamma's Mess,4.3,₹250 FOR TWO,"Indian, Biryani"
402621,https://www.swiggy.com/restaurants/maharaja-military-canteen-donne-biryani-cunnigham-road-vasanth-nagar-bangalore-402621,Maharaja Military Canteen - Donne Biryani,4.1,₹300 FOR TWO,"Biryani, South Indian, Kebabs"
440123,https://www.swiggy.com/restaurants/great-indian-khichdi-by-eatfit-cunnigham-road-vasanth-nagar-bangalore-440123,Great Indian Khichdi by EatFit,4.4,₹200 FOR TWO,"Home Food, Indian, North Indian, Healthy Food, Snacks, Desserts, Rajasthani, Sou..."
411089,https://www.swiggy.com/restaurants/chinese-square-n-r-colony-basavanagudi-bangalore-411089,Chinese Square,4,₹150 FOR TWO,"Chinese, Beverages, Juices"
371381,https://www.swiggy.com/restaurants/al-taj-5th-block-koramangala-bangalore-371381,Al Taj,3.3,₹200 FOR TWO,"Chinese, Indian"
502999,https://www.swiggy.com/restaurants/box8-desi-meals-lakshmi-road-shanti-nagar-bangalore-502999,BOX8 - Desi Meals,4.3,₹250 FOR TWO,"North Indian, Biryani, Thalis, Home Food"
174152,https://www.swiggy.com/restaurants/sri-srinivasa-pork-hotel-vivek-nagar-ejipura-bangalore-174152,Sri srinivasa pork hotel,3,₹150 FOR TWO,Indian
59635,https://www.swiggy.com/restaurants/halli-mane-donne-biriyani-2nd-stage-rajajinagar-bangalore-59635,Halli Mane Donne Biriyani,3.9,₹350 FOR TWO,Indian
15342,https://www.swiggy.com/restaurants/food-springs-4th-block-jp-nagar-bangalore-15342,Food Springs,4.3,₹350 FOR TWO,Chinese
514446,https://www.swiggy.com/restaurants/egg-rice-corner-rk-puram-malleshwaram-bangalore-514446,Egg Rice Corner,--,₹100 FOR TWO,Indian
506322,https://www.swiggy.com/restaurants/louis-burger-2nd-stage-domlur-indiranagar-bangalore-506322,Louis Burger,4.2,₹600 FOR TWO,"Burgers, Fast Food, Beverages"
422942,https://www.swiggy.com/restaurants/foodx-restaurant-millers-road-vasanth-nagar-bangalore-422942,FoodX Restaurant,4,₹200 FOR TWO,"Indian, Chinese, Juices"
643591,https://www.swiggy.com/restaurants/al-kareem-family-restaurant-commercial-street-shivajinagar-bangalore-643591,Al Kareem Family Restaurant,2.9,₹240 FOR TWO,"Chinese, Indian"
642747,https://www.swiggy.com/restaurants/foo-brigade-road-brigade-road-prestige-forum-rex-bangalore-642747,Foo Brigade Road,4.2,₹1000 FOR TWO,"Asian, Chinese, Sushi"
258360,https://www.swiggy.com/restaurants/jai-bhavani-dhaba-hal-2dd-stage-indiranagar-bangalore-258360,Jai Bhavani Dhaba,3.6,₹250 FOR TWO,Indian
51658,https://www.swiggy.com/restaurants/malgudis-donne-biriyani-srirampura-srirampura-rajajinagar-bangalore-51658,Malgudi's Donne Biriyani-Srirampura,4.3,₹250 FOR TWO,Biryani
707065,https://www.swiggy.com/restaurants/pailwan-pulao-balaji-medical-centre-1-jayanagar-bangalore-707065,Pailwan Pulao,4.3,₹250 FOR TWO,"South Indian, Snacks, Indian, Beverages"
396744,https://www.swiggy.com/restaurants/oven-story-pizza-residency-road-shantinagar-bangalore-396744,Oven Story Pizza,4,₹400 FOR TWO,"Pizzas, Pastas, Italian, Desserts, Beverages"
481315,https://www.swiggy.com/restaurants/ammas-pastries-4th-block-jayanagar-bangalore-481315,Amma's Pastries,3.7,₹300 FOR TWO,Bakery
393107,https://www.swiggy.com/restaurants/eatfit-ali-asker-road-cunningham-road-bangalore-393107,EatFit,4.3,₹270 FOR TWO,"Healthy Food, Pizzas, North Indian, Thalis, Biryani, Chinese"
32931,https://www.swiggy.com/restaurants/shiv-sagar-rs-mg-road-ashok-nagar-bangalore-32931,Shiv Sagar ( RS ),4.1,₹600 FOR TWO,"Asian, Beverages, Biryani, Chinese, Continental, Desserts, South Indian"
151036,https://www.swiggy.com/restaurants/punjabi-unplugged-7th-block-koramangala-bangalore-151036,Punjabi Unplugged,3.8,₹300 FOR TWO,"North Indian, Chinese, Indian, Mughlai"
69354,https://www.swiggy.com/restaurants/no-10-fort-cochin-st-marks-road-bangalore-69354,No.10 Fort Cochin,4.3,₹400 FOR TWO,"Seafood, Kerala, Biryani"
253455,https://www.swiggy.com/restaurants/tapas-hideout-hal-2nd-stage-indiranagar-bangalore-253455,Tapas Hideout,4,₹300 FOR TWO,"North Indian, Snacks"
15909,https://www.swiggy.com/restaurants/chung-wah-express-hal-2nd-stage-indiranagar-bangalore-15909,Chung Wah Express,4.3,₹350 FOR TWO,"Chinese, Pan-Asian, Thai, Malaysian, Asian, Beverages"
121836,https://www.swiggy.com/restaurants/bobs-bar-7th-block-koramangala-bangalore-121836,Bob's Bar,4.3,₹300 FOR TWO,"South Indian, Biryani, Desserts, Bakery"
440349,https://www.swiggy.com/restaurants/sultan-dum-biryani-1st-stage-indiranagar-bangalore-440349,Sultan dum biryani,3.8,₹300 FOR TWO,"Biryani, Desserts"
2811,https://www.swiggy.com/restaurants/art-of-delight-ice-creams-sundaes-and-desserts-residency-road-ashok-nagar-bangalore-2811,"Art of Delight - Ice Creams, Sundaes and Desserts",4.5,₹250 FOR TWO,"Ice Cream, Desserts, Beverages"
685307,https://www.swiggy.com/restaurants/bangaliana-b-b-m-p-south-koramangala-bangalore-685307,Bangaliana,3.9,₹500 FOR TWO,"Bengali, Biryani, Thalis, Desserts"
500349,https://www.swiggy.com/restaurants/paakashala-bharati-nagar-ulsoor-bangalore-500349,Paakashala,4.4,₹300 FOR TWO,"Chinese, Tandoor, Salads, North Indian"
531381,https://www.swiggy.com/restaurants/olio-the-wood-fired-pizzeria-cmh-road-indiranagar-bangalore-531381,Olio - The Wood Fired Pizzeria,4.1,₹300 FOR TWO,"Pizzas, Italian"
621462,https://www.swiggy.com/restaurants/nandos-brigade-road-ashok-nagar-bangalore-621462,Nando's,4,₹350 FOR TWO,"Portuguese, Burgers, Fast Food"
471009,https://www.swiggy.com/restaurants/virinchi-cafe-residency-road-ashok-nagar-bangalore-471009,Virinchi Cafe,4.1,₹250 FOR TWO,South Indian
445489,https://www.swiggy.com/restaurants/the-grand-hyderabad-biryani-restaurant-mm-road-frazer-town-bangalore-445489,The Grand Hyderabad Biryani Restaurant,4.2,₹400 FOR TWO,"Biryani, Haleem, Desserts"
517241,https://www.swiggy.com/restaurants/magic-chef-sg-palya-tavarekere-bangalore-517241,Magic chef,3.9,₹200 FOR TWO,"Chinese, Indian"
240148,https://www.swiggy.com/restaurants/gudbud-ejipura-koramangala-bangalore-240148,Gudbud,4.4,₹300 FOR TWO,"Ice Cream, Desserts"
371178,https://www.swiggy.com/restaurants/mallu-family-restaurant-chocolate-factory-road-btm-layout-bangalore-371178,Mallu family Restaurant,3.5,₹200 FOR TWO,"Indian, Chinese, Arabian"
586685,https://www.swiggy.com/restaurants/dum-safar-biryani-dr-rajkumar-road-rajajinagar-bangalore-586685,Dum Safar Biryani,4.1,₹500 FOR TWO,"Biryani, Kebabs, Tandoor, Indian, Desserts"
365608,https://www.swiggy.com/restaurants/haka-5th-block-koramangala-bangalore-365608,Haka,4.1,₹500 FOR TWO,"Asian, Chinese"
39376,https://www.swiggy.com/restaurants/frozen-bottle-milkshakes-desserts-and-ice-cream-brigade-road-ashok-nagar-bangalore-39376,"Frozen Bottle - Milkshakes, Desserts And Ice Cream",4.1,₹250 FOR TWO,"Beverages, Desserts, Ice Cream, Waffle, Bakery, Healthy Food"
273161,https://www.swiggy.com/restaurants/biggies-burger-ashok-nagar-church-street-bangalore-273161,Biggies Burger,4.1,₹300 FOR TWO,"American, Fast Food, Beverages"
290399,https://www.swiggy.com/restaurants/tandoori-taal-prestige-trade-tower-ashok-nagar-bangalore-290399,Tandoori Taal,4.4,₹700 FOR TWO,Indian
30529,https://www.swiggy.com/restaurants/karama-frazer-town-bangalore-30529,Karama,4.1,₹400 FOR TWO,"Arabian, Biryani, Desserts, Mughlai, North Indian"
10238,https://www.swiggy.com/restaurants/smoke-house-deli-ashok-nagar-lavelle-road-bangalore-10238,Smoke House Deli,4.5,₹800 FOR TWO,"Italian, Continental, Fast Food, Salads, Healthy Food, Pizzas, Desserts"
269113,https://www.swiggy.com/restaurants/the-grill-and-cheese-cafe-coles-road-frazer-town-bangalore-269113,The Grill and Cheese Cafe,4.4,₹450 FOR TWO,"Burgers, Pastas, Continental, Grill"
396747,https://www.swiggy.com/restaurants/lunchbox-meals-and-thalis-residency-road-shantinagar-bangalore-396747,LunchBox - Meals and Thalis,4.1,₹200 FOR TWO,"Biryani, North Indian, Punjabi, Healthy Food, Desserts, Beverages"
55438,https://www.swiggy.com/restaurants/rolls-mania-church-street-st-marks-road-bangalore-55438,Rolls Mania,4.1,₹200 FOR TWO,Indian
671051,https://www.swiggy.com/restaurants/nizaams-kaati-rolls-domlur-indiranagar-bangalore-671051,Nizaams Kaati Rolls,4.6,₹400 FOR TWO,"Fast Food, Kebabs"
579763,https://www.swiggy.com/restaurants/cafe-coffee-day-vittal-malya-road-ashok-nagar-bangalore-579763,Cafe Coffee Day,4.2,₹300 FOR TWO,"Beverages, Snacks, Desserts"
675974,https://www.swiggy.com/restaurants/spicy-platter-jyoti-nivas-college-rd-koramangala-bangalore-675974,Spicy Platter,3.6,₹350 FOR TWO,"Chinese, North Indian, Indian, Beverages"
669042,https://www.swiggy.com/restaurants/hakka-box-domlur-layout-indiranagar-bangalore-669042,Hakka Box,4.2,₹400 FOR TWO,"Chinese, Thai, Pan-Asian"
10212,https://www.swiggy.com/restaurants/hotel-toms-restaurant-brigade-road-ashok-nagar-bangalore-10212,Hotel Tom's Restaurant,4.4,₹400 FOR TWO,"Mangalorean, Biryani, Seafood, Chinese, North Indian, Desserts, South Indian"
15899,https://www.swiggy.com/restaurants/kim-lee-restaurant-5th-block-rajajinagar-bangalore-15899,Kim Lee Restaurant,4.5,₹400 FOR TWO,Chinese
345924,https://www.swiggy.com/restaurants/my-khana-chikka-adugodi-tavarekere-bangalore-345924,My Khana,4.1,₹199 FOR TWO,"North Indian, Indian, Desserts, Chinese, Thalis"
8732,https://www.swiggy.com/restaurants/krispy-kreme-appareddipalya-indiranagar-bangalore-8732,Krispy Kreme,4.5,₹170 FOR TWO,"Desserts, Beverages"
168884,https://www.swiggy.com/restaurants/uncle-peters-pancakes-hal-2nd-stage-indiranagar-bangalore-168884,Uncle Peter's Pancakes,4.1,₹300 FOR TWO,"Desserts, Continental, American, French, Beverages"
178683,https://www.swiggy.com/restaurants/thalassery-cafe-2nd-stage-btm-layout-bangalore-178683,Thalassery Cafe,4.1,₹100 FOR TWO,"Kerala, Snacks, Biryani, Indian, Beverages"
437003,https://www.swiggy.com/restaurants/carols-pastries-and-bakers-millars-road-vasanth-nagar-bangalore-437003,Carols Pastries & Bakers,4.5,₹500 FOR TWO,"Bakery, Desserts, Sweets"
55181,https://www.swiggy.com/restaurants/roll-n-biryani-pipeline-road-vijayanagar-bangalore-55181,Roll 'N' Biryani,3.8,₹250 FOR TWO,"Chinese, North Indian"
645294,https://www.swiggy.com/restaurants/asha-sweet-center-1st-main-road-vasanth-nagar-bangalore-645294,Asha Sweet Center,4.4,₹250 FOR TWO,"Sweets, Snacks, Bakery, Desserts"
70023,https://www.swiggy.com/restaurants/ashirvaad-grand-chikka-adugudi-tavarekere-bangalore-70023,Ashirvaad Grand,4.2,₹200 FOR TWO,"Chinese, South Indian, North Indian, Desserts, Beverages"
709425,https://www.swiggy.com/restaurants/rolexa-hoysala-nagar-indiranagar-bangalore-709425,Rolexa,--,₹1 FOR TWO,"North Indian, Indian"
697144,https://www.swiggy.com/restaurants/baskin-robbins-ice-cream-desserts-garuda-mall-magarath-road-bangalore-697144,Baskin Robbins - Ice Cream Desserts,4.4,₹250 FOR TWO,"Desserts, Ice Cream"
69274,https://www.swiggy.com/restaurants/chai-point-ashok-nagar-church-street-bangalore-69274,Chai Point,4.5,₹150 FOR TWO,"Bakery, Beverages, Maharashtrian, Snacks, Street Food, South Indian, Punjabi, Ch..."
324961,https://www.swiggy.com/restaurants/rosy-roti-2nd-stage-indiranagar-bangalore-324961,Rosy Roti,4.3,₹200 FOR TWO,"Home Food, North Indian, Punjabi, Snacks, Desserts"
191822,https://www.swiggy.com/restaurants/third-wave-coffee-vittal-mallya-road-ashok-nagar-bangalore-191822,Third Wave Coffee,4.2,₹400 FOR TWO,"Beverages, Bakery, Continental"
346841,https://www.swiggy.com/restaurants/naati-cafe-7th-block-koramangala-bangalore-346841,Naati Cafe,4.3,₹300 FOR TWO,"Biryani, Kebabs"
163586,https://www.swiggy.com/restaurants/rajanna-military-hotel-shiva-nagar-rajajinagar-bangalore-163586,Rajanna Military Hotel,3.8,₹300 FOR TWO,"Biryani, Kebabs, Chinese, Desserts, Beverages, Andhra, Grill"
688727,https://www.swiggy.com/restaurants/pizzaexpress-5th-block-koramangala-bangalore-688727,PizzaExpress,3.9,₹600 FOR TWO,"Pizzas, Italian"
450885,https://www.swiggy.com/restaurants/yediyur-ramanna-military-hotel-7th-block-jayanagar-bangalore-450885,Yediyur Ramanna Military Hotel,4.1,₹500 FOR TWO,"North Indian, Indian, South Indian, Snacks"
438692,https://www.swiggy.com/restaurants/neetas-kitchen-domlur-layout-indiranagar-bangalore-438692,Neeta's Kitchen,4.2,₹350 FOR TWO,"North Indian, Punjabi"
94717,https://www.swiggy.com/restaurants/sai-cafe-veg-yalappa-garden-malleshwaram-bangalore-94717,Sai cafe veg,4.2,₹250 FOR TWO,South Indian
553097,https://www.swiggy.com/restaurants/axomi-taste-of-assam-7th-block-koramangala-bangalore-553097,Axomi - Taste of Assam,4.2,₹250 FOR TWO,"Assamese, Indian, Beverages, Bengali, Thalis, Nepalese, North Eastern, Naga"
143720,https://www.swiggy.com/restaurants/bombay-kulfi-j-c-nagar-frazer-town-bangalore-143720,Bombay Kulfi,4,₹100 FOR TWO,"Desserts, Ice Cream"
303270,https://www.swiggy.com/restaurants/malabar-cafe-7th-block-koramangala-bangalore-303270,Malabar Cafe,3.7,₹349 FOR TWO,"Kerala, South Indian, Desserts, Barbecue, Mughlai, Seafood"
376324,https://www.swiggy.com/restaurants/the-brooklyn-creamery-healthy-ice-cream-vv-giri-colony-seshadripuram-bangalore-376324,The Brooklyn Creamery - Healthy Ice Cream,4.4,₹200 FOR TWO,"Desserts, Ice Cream, Healthy Food"
349811,https://www.swiggy.com/restaurants/uff-urban-food-factory-1st-block-jayanagar-bangalore-349811,UFF Urban Food Factory,3.8,₹300 FOR TWO,"Indian, Seafood, Chinese, Snacks"
724333,https://www.swiggy.com/restaurants/alemane-donne-biryani-shanthinagara-indiranagar-bangalore-724333,Alemane Donne Biryani,--,₹600 FOR TWO,"Biryani, North Indian"
220772,https://www.swiggy.com/restaurants/aubree-craig-park-layout-central-bangalore-bangalore-220772,Aubree,4.3,₹700 FOR TWO,"Desserts, Bakery"
677031,https://www.swiggy.com/restaurants/igp-cakes-kolandappa-garden-gajendra-nagar-koramangala-bangalore-677031,IGP Cakes,4.1,₹299 FOR TWO,"Bakery, Desserts, Sweets"
52686,https://www.swiggy.com/restaurants/chung-wah-residency-road-ashok-nagar-bangalore-52686,Chung Wah,4.3,₹800 FOR TWO,Chinese
647602,https://www.swiggy.com/restaurants/madurai-hut-binnamangala-indiranagar-bangalore-647602,Madurai Hut,3.7,₹300 FOR TWO,"Chettinad, South Indian, Biryani"
702178,https://www.swiggy.com/restaurants/roti-tawa-ki-khb-colony-koramangala-bangalore-702178,Roti Tawa Ki,4.3,₹200 FOR TWO,"Indian, Fast Food, Thalis"
277965,https://www.swiggy.com/restaurants/dwarkamai-pure-veg-restaurant-gandhi-bazaar-main-road-basavanagudi-bangalore-277965,Dwarkamai Pure Veg Restaurant,4.2,₹400 FOR TWO,"North Indian, Chinese, Tandoor"
420484,https://www.swiggy.com/restaurants/keventers-ice-cream-garuda-mall-magrath-road-bangalore-420484,Keventers Ice Cream,4.4,₹200 FOR TWO,"Ice Cream, Desserts"
120023,https://www.swiggy.com/restaurants/m-s-sukhsagar-hotel-gandhinagar-gandhi-nagar-majestic-bangalore-120023,M/s. SUKHSAGAR HOTEL GANDHINAGAR,4.2,₹200 FOR TWO,North Indian
454692,https://www.swiggy.com/restaurants/bucket-biryani-castle-street-ashok-nagar-bangalore-454692,Bucket Biryani,4.3,₹700 FOR TWO,"Biryani, North Indian, Chinese, Seafood"
95585,https://www.swiggy.com/restaurants/upahara-darshini-south-end-main-road-basavanagudi-bangalore-95585,Upahara Darshini,4.3,₹400 FOR TWO,"Chinese, South Indian, North Indian, Desserts"
73924,https://www.swiggy.com/restaurants/sonar-bangla-5th-block-koramangala-bangalore-73924,Sonar Bangla,4,₹300 FOR TWO,Bengali
29450,https://www.swiggy.com/restaurants/coastal-delight-2nd-stage-indiranagar-bangalore-29450,Coastal Delight,3.7,₹800 FOR TWO,"North Indian, Chinese, Coastal, Snacks"
49496,https://www.swiggy.com/restaurants/mystique-palate-4th-block-jayanagar-bangalore-49496,Mystique Palate,4.3,₹150 FOR TWO,Fast Food
723931,https://www.swiggy.com/restaurants/swetha-non-veg-mess-nagarathpete-basavanagudi-bangalore-723931,SWETHA NON-VEG MESS,--,₹260 FOR TWO,"Biryani, Indian"
634490,https://www.swiggy.com/restaurants/donne-biryani-palace-4th-block-jayanagar-bangalore-634490,Donne Biryani Palace,4.1,₹350 FOR TWO,"Biryani, Kebabs"
435405,https://www.swiggy.com/restaurants/chaayos-chai-snacks-relax-vasanth-nagar-cunningham-road-bangalore-435405,Chaayos Chai+Snacks=Relax,4.4,₹250 FOR TWO,"Bakery, Beverages, Chaat, Desserts, Home Food, Italian, Maharashtrian, Snacks, S..."
644617,https://www.swiggy.com/restaurants/beyond-the-crust-btc-maruti-nagar-btm-layout-bangalore-644617,Beyond The Crust - BTC,4.3,₹250 FOR TWO,Desserts
485614,https://www.swiggy.com/restaurants/udupi-sri-krishna-vaibhava-6th-block-jayanagar-bangalore-485614,Udupi Sri Krishna Vaibhava,4,₹150 FOR TWO,"South Indian, Chinese, Desserts"
14842,https://www.swiggy.com/restaurants/mudpipe-cafe-sigma-mall-cunningham-road-bangalore-14842,Mudpipe Cafe,4.2,₹500 FOR TWO,"Mexican, Continental"
396745,https://www.swiggy.com/restaurants/firangi-bake-residency-road-shantinagar-bangalore-396745,Firangi Bake,4.5,₹400 FOR TWO,"Pizzas, Pastas, Italian, Mexican, Healthy Food, Desserts, Beverages"
604781,https://www.swiggy.com/restaurants/goodness-to-go-lavelle-road-ashok-nagar-bangalore-604781,Goodness To Go,4.3,₹350 FOR TWO,"European, Italian, American, Pastas, Salads, Juices, Desserts"
518369,https://www.swiggy.com/restaurants/madras-meal-company-majestic-seshadripuram-bangalore-518369,Madras Meal Company,--,₹350 FOR TWO,South Indian
696232,https://www.swiggy.com/restaurants/itc-aashirvaad-soul-creations-shivaji-nagar-dispensary-rd-bangalore-696232,ITC Aashirvaad Soul Creations,4.6,₹500 FOR TWO,Indian
615499,https://www.swiggy.com/restaurants/krishnam-veg-nanjappa-circle-shanti-nagar-bangalore-615499,Krishnam Veg,4.1,₹200 FOR TWO,"South Indian, North Indian, Chinese, Indian, Desserts, Snacks"
334172,https://www.swiggy.com/restaurants/rajasthani-dhaba-lakshmi-road-shanthi-nagar-bangalore-334172,Rajasthani Dhaba,3.9,₹200 FOR TWO,"North Indian, Rajasthani, Snacks, Chaat"
350427,https://www.swiggy.com/restaurants/sangam-sweets-2nd-block-jayanagar-bangalore-350427,Sangam Sweets,4.3,₹100 FOR TWO,Sweets
556423,https://www.swiggy.com/restaurants/luckhnow-street-church-street-ashok-nagar-bangalore-556423,Luckhnow Street,3.7,₹250 FOR TWO,"Kebabs, Biryani, Awadhi"
361612,https://www.swiggy.com/restaurants/hatti-donne-biryani-wilson-garden-shanti-nagar-bangalore-361612,Hatti Donne Biryani,3.8,₹199 FOR TWO,"Biryani, South Indian, Chinese"
669321,https://www.swiggy.com/restaurants/super-spoon-rajajinagara-malleshwaram-bangalore-669321,Super Spoon,4,₹250 FOR TWO,"Chinese, Thai, Biryani"
71343,https://www.swiggy.com/restaurants/karachi-bakery-1st-stage-indiranagar-bangalore-71343,Karachi Bakery,4.4,₹400 FOR TWO,"Bakery, Pizzas, Chinese, Italian, American, Sweets, Desserts, Beverages"
59234,https://www.swiggy.com/restaurants/ramji-chaiwale-residency-road-ashok-nagar-bangalore-59234,Ramji Chaiwale,4.3,₹100 FOR TWO,"Fast Food, Punjabi, Desserts"
503002,https://www.swiggy.com/restaurants/nh1-bowls-highway-to-north-lakshmi-road-shanti-nagar-bangalore-503002,NH1 Bowls - Highway To North,4.3,₹250 FOR TWO,"North Indian, Punjabi, Home Food"
604,https://www.swiggy.com/restaurants/aalishan-restaurant-and-caterer-7th-block-koramangala-bangalore-604,Aalishan Restaurant & Caterer,4.2,₹290 FOR TWO,"Mughlai, North Indian"
520824,https://www.swiggy.com/restaurants/dil-punjabi-btm-layout-koramangala-bangalore-520824,Dil Punjabi,3.7,₹300 FOR TWO,"North Indian, Punjabi, Thalis, Tandoor, Mughlai, Home Food, Barbecue, Beverages,..."
665948,https://www.swiggy.com/restaurants/beegara-mane-badoota-mahaganapathi-nagar-rajajinagar-bangalore-665948,Beegara Mane Badoota,--,₹350 FOR TWO,"Chinese, Biryani, Fast Food"
368035,https://www.swiggy.com/restaurants/chai-days-khb-colony-koramangala-bangalore-368035,Chai Days,4.4,₹200 FOR TWO,"Bakery, Beverages, Snacks"
491658,https://www.swiggy.com/restaurants/oh-my-shawarma-6th-block-koramangala-bangalore-491658,Oh My Shawarma,3.8,₹300 FOR TWO,"Fast Food, Beverages, Indian"
400884,https://www.swiggy.com/restaurants/coal-flame-biriyaani-9th-block-jayanagar-bangalore-400884,Coal Flame Biriyaani,4.2,₹400 FOR TWO,"Mughlai, Indian, Biryani, Combo, Andhra, Beverages, Kebabs, Sweets, Hyderabadi, ..."
393897,https://www.swiggy.com/restaurants/punjabi-dhaba-gandhi-nagar-majestic-bangalore-393897,Punjabi Dhaba,4.1,₹350 FOR TWO,Punjabi
354531,https://www.swiggy.com/restaurants/burger-seigneur-st-marks-road-bangalore-354531,Burger Seigneur,4.4,₹1200 FOR TWO,"American, Continental, Beverages"
396742,https://www.swiggy.com/restaurants/behrouz-biryani-residency-road-shantinagar-bangalore-396742,Behrouz Biryani,4.2,₹500 FOR TWO,"Biryani, Mughlai, Lucknowi, Hyderabadi, Kebabs, North Indian, Desserts, Beverage..."
591223,https://www.swiggy.com/restaurants/bihar-ki-rasoi-hal-2nd-stage-indiranagar-bangalore-591223,Bihar ki rasoi,3.7,₹10 FOR TWO,"Indian, Chinese, Thalis"
435046,https://www.swiggy.com/restaurants/kaippunnyam-restaurant-brigade-road-ashok-nagar-bangalore-435046,Kaippunnyam Restaurant,4.1,₹300 FOR TWO,"Kerala, Seafood, South Indian, Buffalo meat, Chettinad"
510228,https://www.swiggy.com/restaurants/frosty-frills-5th-block-koramangala-bangalore-510228,Frosty Frills,4,₹100 FOR TWO,"Desserts, Ice Cream"
545667,https://www.swiggy.com/restaurants/kibeeys-restaurant-binnamangala-indiranagar-bangalore-545667,Kibeey's restaurant,3.9,₹300 FOR TWO,"Indian, Chinese"
345404,https://www.swiggy.com/restaurants/midnight-rascals-pizza-mrp-maruti-nagar-btm-layout-bangalore-345404,Midnight Rascals Pizza - MRP,3.6,₹300 FOR TWO,"Pizzas, Snacks, Pastas"
17580,https://www.swiggy.com/restaurants/hanoi-indiranagar-bangalore-17580,Hanoi,4.3,₹1000 FOR TWO,"Asian, Pan-Asian, Vietnamese, Combo, Beverages"
323390,https://www.swiggy.com/restaurants/lajawaab-muneshwara-c-block-r-t-nagar-bangalore-323390,Lajawaab,3.7,₹350 FOR TWO,"North Indian, Chinese"
8799,https://www.swiggy.com/restaurants/pizza-stop-lavelle-road-bangalore-8799,Pizza Stop,4,₹400 FOR TWO,"Italian, Pizzas"
2832,https://www.swiggy.com/restaurants/lakeview-milkbar-mg-road-bangalore-2832,Lakeview Milkbar,4.2,₹450 FOR TWO,"Desserts, Ice Cream, Bakery"
291978,https://www.swiggy.com/restaurants/guntur-spice-3rd-block-jayanagar-bangalore-291978,Guntur Spice,3.9,₹500 FOR TWO,"Indian, Chinese, Beverages"
657599,https://www.swiggy.com/restaurants/pizza-town-am-road-sulthangunta-shivaji-nagar-bangalore-657599,Pizza Town,3.4,₹400 FOR TWO,Pizzas
463070,https://www.swiggy.com/restaurants/green-onion-chinese-frazer-town-coles-road-frazer-town-bangalore-463070,Green Onion Chinese-Frazer Town,4.3,₹600 FOR TWO,"Chinese, Seafood"
263637,https://www.swiggy.com/restaurants/pure-veg-meals-by-lunchbox-1st-main-rd-vasanth-nagar-bangalore-263637,Pure Veg Meals by Lunchbox,4,₹200 FOR TWO,"Biryani, North Indian, Desserts, Beverages"
440151,https://www.swiggy.com/restaurants/home-plate-by-eatfit-vasanth-nagar-cunningham-road-bangalore-440151,Home Plate by EatFit,3.9,₹200 FOR TWO,"North Indian, Home Food, Healthy Food, Indian, Punjabi, South Indian, Rajasthani..."
683874,https://www.swiggy.com/restaurants/fb-cakes-cmh-road-indiranagar-bangalore-683874,FB Cakes,--,₹1500 FOR TWO,Desserts
393108,https://www.swiggy.com/restaurants/aligarh-house-mughla-biryani-ali-asker-road-cunningham-road-bangalore-393108,Aligarh House -Mughla Biryani,4,₹400 FOR TWO,"Biryani, Mughlai, Kebabs, North Indian, Lucknowi, Fast Food, Desserts, Beverages"
718966,https://www.swiggy.com/restaurants/vrindavan-kitchen-navarang-circle-rajajinagar-bangalore-718966,Vrindavan Kitchen,--,₹200 FOR TWO,"Beverages, Indian"
443217,https://www.swiggy.com/restaurants/nati-mane-khb-colony-koramangala-bangalore-443217,Nati Mane,3.9,₹300 FOR TWO,"Biryani, Indian"
567206,https://www.swiggy.com/restaurants/noto-healthy-ice-cream-firdous-complex-central-bangalore-bangalore-567206,NOTO - Healthy Ice Cream,4.5,₹250 FOR TWO,"Desserts, Ice Cream"
6115,https://www.swiggy.com/restaurants/kabab-korner-ashok-nagar-st-marks-road-bangalore-6115,Kabab Korner,4.5,₹500 FOR TWO,"North Indian, Chinese, Fast Food"
234701,https://www.swiggy.com/restaurants/boss-burger-ashok-nagar-lavelle-road-bangalore-234701,BOSS Burger,4,₹500 FOR TWO,"Burgers, American, Fast Food, Snacks"
18470,https://www.swiggy.com/restaurants/sea-rock-kumara-park-east-malleshwaram-bangalore-18470,Sea Rock,4.3,₹700 FOR TWO,"Indian, Chinese, Seafood, Mangalorean"
578520,https://www.swiggy.com/restaurants/gopizza-garuda-mall-magrath-road-bangalore-578520,Gopizza,4.1,₹250 FOR TWO,"Pizzas, Desserts, Beverages"
673680,https://www.swiggy.com/restaurants/pathaan-sir-chamarajapete-jayanagar-bangalore-673680,Pathaan Sir,3.7,₹200 FOR TWO,"Snacks, Fast Food, North Indian"
5908,https://www.swiggy.com/restaurants/millers-46-cunnigham-road-vasanth-nagar-bangalore-5908,Miller's 46,4.5,₹1100 FOR TWO,"American, Continental, Steakhouse"
395202,https://www.swiggy.com/restaurants/mcdonalds-gourmet-burger-collection-kasturba-road-mg-road-bangalore-395202,McDonald's Gourmet Burger Collection,4,₹600 FOR TWO,"Burgers, Beverages, Cafe, Desserts"
410742,https://www.swiggy.com/restaurants/basavanagudi-donne-biryani-surveyor-street-basavanagudi-bangalore-410742,Basavanagudi Donne Biryani,3.6,₹600 FOR TWO,Biryani
613631,https://www.swiggy.com/restaurants/sgs-non-veg-gundu-palav-malleshwaram-franchisee-4th-main-road-malleshwaram-bangalore-613631,SGS Non Veg Gundu Palav - Malleshwaram Franchisee,4.3,₹280 FOR TWO,"Biryani, South Indian, Maharashtrian"
11841,https://www.swiggy.com/restaurants/srinathjis-restaurant-taste-the-nectar-sri-krishna-temple-road-indiranagar-bangalore-11841,Srinathji's Restaurant ( Taste the Nectar ),4.4,₹500 FOR TWO,"North Indian, Indian, Chinese, Continental, Beverages, Desserts"
716397,https://www.swiggy.com/restaurants/north-indian-kitchen-homely-food-brindavan-nagar-btm-bangalore-716397,North Indian Kitchen (Homely Food),--,₹300 FOR TWO,Fast Food
19361,https://www.swiggy.com/restaurants/pasta-street-cunningham-road-bangalore-19361,Pasta Street,4.3,₹900 FOR TWO,"Italian, Pizzas, Pastas, Desserts, Beverages"
310548,https://www.swiggy.com/restaurants/oven-theory-pizza-otp-maruthi-nagar-btm-layout-bangalore-310548,Oven Theory Pizza - OTP,4,₹150 FOR TWO,"Pizzas, Italian, Fast Food, Pastas"
117904,https://www.swiggy.com/restaurants/homese-just-veg-chickpet-majestic-bangalore-117904,HomeSe Just Veg,3.1,₹200 FOR TWO,"South Indian, North Indian"
658363,https://www.swiggy.com/restaurants/pizza-box-am-road-sulthangunta-shivaji-nagar-bangalore-658363,Pizza Box,3.7,₹400 FOR TWO,Pizzas
370337,https://www.swiggy.com/restaurants/keventers-milkshakes-and-desserts-garuda-mall-magrath-road-bangalore-370337,Keventers - Milkshakes & Desserts,4.4,₹200 FOR TWO,"Beverages, Ice Cream, Desserts, Healthy Food"
519873,https://www.swiggy.com/restaurants/nagas-koramangala-bangalore-519873,Naga's,--,₹300 FOR TWO,"Biryani, Indian, North Indian"
570175,https://www.swiggy.com/restaurants/yummys-paratha-2nd-stage-indiranagar-bangalore-570175,Yummy's paratha,3.2,₹5 FOR TWO,"North Indian, Bengali, South Indian, Fast Food, Chinese, Biryani, Desserts, Kera..."
4025,https://www.swiggy.com/restaurants/baisakhi-gandhi-bazar-main-road-basavanagudi-bangalore-4025,Baisakhi,3.9,₹400 FOR TWO,"North Indian, Jain"
492181,https://www.swiggy.com/restaurants/jmv-condiments-anepalya-audgodi-bangalore-492181,Jmv Condiments,4.6,₹200 FOR TWO,Snacks
36255,https://www.swiggy.com/restaurants/village-donne-biriyani-5th-block-koramangala-bangalore-36255,Village Donne Biriyani,3.6,₹300 FOR TWO,South Indian
536649,https://www.swiggy.com/restaurants/living-bowls-2nd-stage-indiranagar-bangalore-536649,Living Bowls,4.2,₹350 FOR TWO,"Salads, Keto, Juices, Healthy Food"
30458,https://www.swiggy.com/restaurants/sukh-sagar-5th-a-block-koramangala-bangalore-30458,Sukh Sagar,4.3,₹400 FOR TWO,South Indian
446,https://www.swiggy.com/restaurants/altafs-chillies-restaurants-hutchins-road-frazer-town-bangalore-446,Altaf's Chillies Restaurants,4.3,₹250 FOR TWO,"North Indian, Chinese"
569329,https://www.swiggy.com/restaurants/protein-chef-doopanahalli-indiranagar-bangalore-569329,Protein Chef,4.1,₹300 FOR TWO,"Healthy Food, Indian, Snacks, Fast Food"
541907,https://www.swiggy.com/restaurants/avanthi-aromas-of-andhra-hoysala-nagar-indiranagar-bangalore-541907,Avanthi - Aromas of Andhra,3.7,₹700 FOR TWO,"Andhra, Biryani, Tandoor"
261707,https://www.swiggy.com/restaurants/raffaeles-ristorante-pizzeria-koramangala-bangalore-261707,Raffaele's Ristorante Pizzeria,4.1,₹800 FOR TWO,"Pizzas, Continental, Pastas, Beverages"
588012,https://www.swiggy.com/restaurants/smoor-ashok-nagar-lavelle-road-bangalore-588012,Smoor,4.5,₹450 FOR TWO,"Asian, Desserts, Italian, Thai, Ice Cream, Salads, Sushi, Beverages, Bakery, Caf..."
581615,https://www.swiggy.com/restaurants/gfc-kebabs-and-biryani-appareddy-palya-indiranagar-bangalore-581615,GFC Kebabs & Biryani,3,₹200 FOR TWO,"Kebabs, Biryani"
472158,https://www.swiggy.com/restaurants/sri-maruthi-hotel-2nd-block-rajajinagar-bangalore-472158,Sri Maruthi Hotel,4.2,₹400 FOR TWO,North Indian
368270,https://www.swiggy.com/restaurants/mini-samrat-chalukya-millars-road-vasanth-nagar-bangalore-368270,Mini Samrat Chalukya,4.3,₹350 FOR TWO,"South Indian, North Indian, Chinese, Desserts"
5882,https://www.swiggy.com/restaurants/oh-calcutta-church-street-bangalore-5882,Oh! Calcutta,4.3,₹800 FOR TWO,Bengali
588791,https://www.swiggy.com/restaurants/goila-butter-chicken-6th-block-koramangala-bangalore-588791,Goila Butter Chicken,4,₹600 FOR TWO,"North Indian, Mughlai, Biryani, Indian"
343594,https://www.swiggy.com/restaurants/sicilia-pont-italian-restaurant-5th-block-rajajinagar-bangalore-343594,Sicilia Pont (Italian Restaurant ),4.3,₹300 FOR TWO,"Pizzas, Italian, Desserts, Beverages, Snacks"
609497,https://www.swiggy.com/restaurants/naidu-palace-mahaganapathi-nagar-rajajinagar-bangalore-609497,Naidu Palace,4,₹500 FOR TWO,"North Indian, Indian, Chinese"
677875,https://www.swiggy.com/restaurants/udupi-aatithya-maruthi-nagar-btm-layout-bangalore-677875,Udupi Aatithya,4.2,₹300 FOR TWO,"South Indian, Snacks, Beverages"
317997,https://www.swiggy.com/restaurants/sri-udupi-grand-veg-akkithimmanahalli-shanti-nagar-bangalore-317997,Sri Udupi Grand Veg,4.2,₹250 FOR TWO,"Beverages, North Indian, South Indian"
578378,https://www.swiggy.com/restaurants/burgerama-2nd-stage-indiranagar-bangalore-578378,Burgerama,4.1,₹600 FOR TWO,"Fast Food, American, Beverages"
433561,https://www.swiggy.com/restaurants/giani-ice-cream-5th-block-koramangala-bangalore-433561,Giani Ice Cream,4.5,₹300 FOR TWO,"Ice Cream, Desserts, Beverages"
23065,https://www.swiggy.com/restaurants/gufha-jayanagar-bangalore-23065,Gufha,3.9,₹1400 FOR TWO,"North Indian, Biryani, Afghani"
673132,https://www.swiggy.com/restaurants/maffei-kitchen-peace-villa-koramangala-bangalore-673132,Maffei Kitchen,4.3,₹1500 FOR TWO,"Lebanese, Greek, Mediterranean"
599107,https://www.swiggy.com/restaurants/sultans-shahi-darbar-meenakshi-koil-street-shivajinagar-bangalore-599107,Sultan's Shahi Darbar,--,₹250 FOR TWO,"North Indian, Chinese, Biryani, Fast Food"
469151,https://www.swiggy.com/restaurants/kanti-bakes-and-flakes-brigade-rd-ashok-nagar-bangalore-469151,Kanti Bakes And Flakes,4.4,₹200 FOR TWO,Sweets
689887,https://www.swiggy.com/restaurants/the-cosmic-burger-hosur-main-road-koramangala-bangalore-689887,The Cosmic Burger,--,₹300 FOR TWO,Indian
636911,https://www.swiggy.com/restaurants/kulfi-shulfi-kulfis-and-icecreams-shanthinagara-basavanagudi-bangalore-636911,Kulfi Shulfi - Kulfis & Icecreams,--,₹120 FOR TWO,"Ice Cream, Desserts"
696010,https://www.swiggy.com/restaurants/swirlyo-ft-road-indiranagar-bangalore-696010,Swirlyo,--,₹250 FOR TWO,"Desserts, Beverages, Ice Cream"
472193,https://www.swiggy.com/restaurants/lit-biryani-kitchen-ashok-nagar-church-street-bangalore-472193,Lit Biryani Kitchen,2.1,₹299 FOR TWO,"Biryani, Arabian, Snacks"
304580,https://www.swiggy.com/restaurants/itc-fabelle-chocolates-residency-road-ashok-nagar-bangalore-304580,ITC Fabelle Chocolates,4.1,₹600 FOR TWO,"Bakery, Desserts"
339998,https://www.swiggy.com/restaurants/juice-junction-and-snacks-4th-t-block-east-jayanagar-bangalore-339998,Juice Junction & Snacks,4.3,₹200 FOR TWO,"Snacks, Chinese, Juices, Beverages"
37353,https://www.swiggy.com/restaurants/savi-sagar-srirampura-metro-station-rajajinagar-bangalore-37353,Savi Sagar,4.1,₹150 FOR TWO,"South Indian, North Indian, Chinese, Beverages"
4739,https://www.swiggy.com/restaurants/the-grill-house-steaks-and-sizzlers-near-kensington-point-halasuru-bangalore-4739,The Grill House - Steaks & Sizzlers,4.2,₹1100 FOR TWO,"American, Steakhouse, Italian, Mexican, Continental, Mediterranean, Desserts, Gr..."
5221,https://www.swiggy.com/restaurants/food-paradise-sirur-park-road-seshadripuram-bangalore-5221,Food Paradise,4,₹250 FOR TWO,"Mughlai, North Indian, Chinese"
61282,https://www.swiggy.com/restaurants/utsav-restaurant-hanumantha-nagar-banashankari-bangalore-61282,Utsav Restaurant,4.1,₹250 FOR TWO,"Chinese, North Indian, Punjabi"
5358,https://www.swiggy.com/restaurants/the-only-place-museum-road-church-street-bangalore-5358,The Only Place,4.4,₹1000 FOR TWO,"Continental, Steakhouse, American, Italian, Beverages, Desserts"
314879,https://www.swiggy.com/restaurants/limelight-royal-orchid-hotel-old-airport-road-bangalore-314879,limelight-Royal Orchid Hotel,4.2,₹250 FOR TWO,"North Indian, Indian"
318486,https://www.swiggy.com/restaurants/ice-cream-shop-shivajinagar-no-55-cockburn-road-central-bangalore-bangalore-318486,Ice Cream Shop,3.4,₹300 FOR TWO,"Beverages, Ice Cream, Desserts"
511273,https://www.swiggy.com/restaurants/koriken-cook-town-frazer-town-bangalore-511273,Koriken,4.2,₹400 FOR TWO,"Korean, Snacks"
61962,https://www.swiggy.com/restaurants/gurukrupa-paratha-house-domlur-layout-indiranagar-bangalore-61962,Gurukrupa Paratha House,4,₹250 FOR TWO,"North Indian, Punjabi"
450896,https://www.swiggy.com/restaurants/sakath-momos-vishweshwarapura-basavanagudi-bangalore-450896,Sakath Momos,--,₹150 FOR TWO,Chinese
462943,https://www.swiggy.com/restaurants/bangarpet-chats-shantinagar-richmond-town-bangalore-462943,Bangarpet Chats,4.2,₹110 FOR TWO,Chaat
291750,https://www.swiggy.com/restaurants/spicy-corner-jogupalya-halasuru-bangalore-291750,Spicy Corner,3.1,₹150 FOR TWO,"South Indian, Chinese, North Indian"
318287,https://www.swiggy.com/restaurants/romeo-lassi-shop-shivajinagar-no-55-cockburn-road-central-bangalore-bangalore-318287,Romeo Lassi Shop,3.5,₹250 FOR TWO,"Beverages, Ice Cream, Snacks, Desserts"
503003,https://www.swiggy.com/restaurants/zaza-mughal-biryani-lakshmi-nagar-road-shanti-nagar-bangalore-503003,ZAZA Mughal Biryani,4.4,₹250 FOR TWO,"Biryani, North Indian, Awadhi"
61135,https://www.swiggy.com/restaurants/trilok-restaurant-hanumanthnagar-banashankari-bangalore-61135,Trilok Restaurant,4.2,₹400 FOR TWO,Seafood
32911,https://www.swiggy.com/restaurants/salt-mango-tree-hal-2nd-stage-indiranagar-bangalore-32911,Salt Mango Tree,4.3,₹300 FOR TWO,"Kerala, South Indian, Seafood, Biryani, Indian"
81944,https://www.swiggy.com/restaurants/nasi-and-mee-4th-block-koramangala-bangalore-81944,Nasi and Mee,4.4,₹800 FOR TWO,"Pan-Asian, Japanese, Singaporean, Malaysian, Thai"
264240,https://www.swiggy.com/restaurants/wow-china-church-street-bangalore-264240,Wow! China,3.8,₹300 FOR TWO,"Tibetan, Chinese, Asian, Snacks, Continental, Desserts, Beverages"
698511,https://www.swiggy.com/restaurants/burma-burma-brigade-road-gr-floor-brigade-road-bangalore-698511,Burma Burma - Brigade Road,--,₹1300 FOR TWO,"Burmese, Asian, Salads, Ice Cream, Desserts"
606621,https://www.swiggy.com/restaurants/tbk-rolls-and-grills-khb-colony-koramangala-bangalore-606621,Tbk Rolls & Grills,4,₹200 FOR TWO,"Arabian, Beverages, Fast Food, Snacks"
52336,https://www.swiggy.com/restaurants/hotel-ocea-markham-road-brigade-road-bangalore-52336,Hotel Ocea,4.4,₹300 FOR TWO,"Arabian, Chinese, Desserts, North Indian, Seafood, South Indian"
405430,https://www.swiggy.com/restaurants/apna-ghar-lakshmisha-road-jayanagar-bangalore-405430,Apna Ghar,3.9,₹200 FOR TWO,"Punjabi, North Indian, Thalis"
154975,https://www.swiggy.com/restaurants/shree-veerabhadreshwara-rotti-holige-mane-mahaganapathy-nagar-basaveshwara-nagar-bangalore-154975,Shree Veerabhadreshwara Rotti Holige Mane,4.2,₹200 FOR TWO,South Indian
548443,https://www.swiggy.com/restaurants/fruit-bae-global-lulu-mall-mysore-road-bangalore-548443,Fruit Bae,4,₹149 FOR TWO,"Beverages, Desserts"
562967,https://www.swiggy.com/restaurants/oh-bambai-5th-block-koramangala-bangalore-562967,Oh! Bambai,3.8,₹150 FOR TWO,"Street Food, Snacks, Fast Food, Pizzas, Chinese"
644241,https://www.swiggy.com/restaurants/thancos-natural-ice-cream-paramahansa-yogananda-rd-indiranagar-bangalore-644241,Thanco's Natural Ice Cream,4.5,₹169 FOR TWO,"Ice Cream, Desserts"
32510,https://www.swiggy.com/restaurants/toscano-lavelle-road-bangalore-32510,Toscano,4.3,₹1200 FOR TWO,"Italian, Pizzas, Pastas, Continental, Desserts, Bakery"
536847,https://www.swiggy.com/restaurants/kitchens-of-punjab-jaibharath-nagar-banaswadi-bangalore-536847,Kitchens of Punjab,4.1,₹500 FOR TWO,North Indian
208175,https://www.swiggy.com/restaurants/milano-ice-cream-1st-stage-indiranagar-bangalore-208175,Milano Ice Cream,4.5,₹200 FOR TWO,"Ice Cream, Desserts"
697944,https://www.swiggy.com/restaurants/maalgaadi-by-dhaba-estd-1986-delhi-brigade-road-forum-rex-walk-bangalore-697944,Maalgaadi by Dhaba Estd 1986 Delhi,4.6,₹300 FOR TWO,"North Indian, Indian, Biryani, Punjabi, Kebabs, Grill, Mughlai, Desserts"
289697,https://www.swiggy.com/restaurants/basaveshwara-khanavali-gandhi-nagar-majestic-bangalore-289697,Basaveshwara Khanavali,4.2,₹200 FOR TWO,South Indian
45757,https://www.swiggy.com/restaurants/pipabu-4th-block-koramangala-bangalore-45757,Pipabu,4.1,₹250 FOR TWO,"Pizzas, Italian, American, Continental, Salads, Desserts"
605518,https://www.swiggy.com/restaurants/the-rolls-bay-7th-block-koramangala-bangalore-605518,The Rolls Bay,--,₹200 FOR TWO,"Snacks, Beverages, Chinese"
369270,https://www.swiggy.com/restaurants/shreyas-non-veg-kumarapark-west-seshadripuram-bangalore-369270,Shreyas Non Veg,--,₹400 FOR TWO,Indian
186490,https://www.swiggy.com/restaurants/karavali-mane-lakkasandra-extension-wilson-garden-bangalore-186490,Karavali Mane,4.1,₹300 FOR TWO,"Chinese, North Indian, South Indian"
307140,https://www.swiggy.com/restaurants/five-star-chicken-domlur-shankarnag-road-domlur-bangalore-307140,Five star chicken Domlur,3.9,₹400 FOR TWO,"Burgers, Fast Food"
512282,https://www.swiggy.com/restaurants/mubarak-restaurant-agrahara-rajajinagar-bangalore-512282,Mubarak Restaurant,4.4,₹300 FOR TWO,"North Indian, Chinese, Biryani, Kebabs"
163740,https://www.swiggy.com/restaurants/hot-momo-darjeeling-style-5th-block-koramangala-bangalore-163740,Hot Momo Darjeeling Style,4.2,₹250 FOR TWO,Chinese
299589,https://www.swiggy.com/restaurants/wheat-barn-6th-block-koramangala-bangalore-299589,Wheat Barn,4.1,₹450 FOR TWO,"Pizzas, Desserts, Beverages, Snacks"
687158,https://www.swiggy.com/restaurants/ovenfresh-cakes-and-desserts-domlurlayout-domlur-layout-bangalore-687158,Ovenfresh Cakes and Desserts,--,₹200 FOR TWO,Italian
19316,https://www.swiggy.com/restaurants/patiala-nh-44-gandhi-bazar-main-road-basavanagudi-bangalore-19316,Patiala NH 44,3.8,₹500 FOR TWO,"Indian, Chinese, Tandoor"
531382,https://www.swiggy.com/restaurants/crustos-cheese-burst-pizza-cmh-road-indiranagar-bangalore-531382,Crusto's - Cheese Burst Pizza,4.1,₹300 FOR TWO,"Pizzas, Italian"
25798,https://www.swiggy.com/restaurants/1947-restaurant-margosa-road-malleshwaram-bangalore-25798,1947 Restaurant,4.4,₹900 FOR TWO,"North Indian, Chinese, Desserts, Biryani"
337997,https://www.swiggy.com/restaurants/taiki-3rd-block-jayanagar-bangalore-337997,Taiki,4.1,₹800 FOR TWO,"Japanese, Pan-Asian, Korean, Thai, Sushi, Beverages, Asian, Chinese"
647520,https://www.swiggy.com/restaurants/punjab-grill-shantala-nagar-ashok-nagar-bangalore-647520,Punjab Grill,4.2,₹900 FOR TWO,"North Indian, Kebabs, Biryani, Mughlai"
379573,https://www.swiggy.com/restaurants/maruthi-restaurant-4th-phase-rajajinagar-bangalore-379573,Maruthi Restaurant,4,₹150 FOR TWO,Indian
93802,https://www.swiggy.com/restaurants/anupams-coast-ii-coast-church-street-bangalore-93802,Anupams Coast II Coast,4.3,₹1200 FOR TWO,"Mangalorean, Chinese, North Indian, Mughlai, Punjabi, Awadhi"
18533,https://www.swiggy.com/restaurants/mangaluru-seafood-3rd-block-jayanagar-bangalore-18533,Mangaluru Seafood,4,₹500 FOR TWO,"Mangalorean, Seafood"
292413,https://www.swiggy.com/restaurants/the-salad-studio-paramahansa-yogananda-road-indiranagar-bangalore-292413,The Salad Studio,4.4,₹300 FOR TWO,"Healthy Food, Salads, Beverages"
481150,https://www.swiggy.com/restaurants/apna-dhaba-hanumanthanagar-basavanagudi-bangalore-481150,Apna dhaba,3.9,₹300 FOR TWO,"North Indian, Punjabi, Jain"
112315,https://www.swiggy.com/restaurants/candices-gourmet-sandwiches-double-road-indiranagar-bangalore-112315,Candice's Gourmet Sandwiches,4.6,₹650 FOR TWO,"Continental, American"
239413,https://www.swiggy.com/restaurants/just-shawarma-2nd-stage-indiranagar-bangalore-239413,Just Shawarma,4.3,₹180 FOR TWO,Arabian
8354,https://www.swiggy.com/restaurants/little-italy-7th-block-jayanagar-bangalore-8354,Little Italy,4.2,₹1200 FOR TWO,"Italian, Pizzas, Pastas, Salads, Desserts"
696230,https://www.swiggy.com/restaurants/itc-master-chef-creations-shivaji-nagar-dispensary-rd-bangalore-696230,ITC Master Chef Creations,4.5,₹650 FOR TWO,"North Indian, Biryani, Indian, Punjabi, Chaat, Kebabs, Tandoor, Mughlai, Dessert..."
331722,https://www.swiggy.com/restaurants/the-firewood-pizza-chikkadugodi-tavarekere-bangalore-331722,The Firewood Pizza,3.7,₹150 FOR TWO,"Italian, Pizzas, Pastas"
5897,https://www.swiggy.com/restaurants/biriyani-paradise-dakshin-wilson-garden-shanti-nagar-bangalore-5897,Biriyani Paradise (Dakshin),4.2,₹250 FOR TWO,"Andhra, South Indian, Biryani"
430368,https://www.swiggy.com/restaurants/kebapci-6th-block-koramangala-bangalore-430368,Kebapci,4.3,₹600 FOR TWO,"Turkish, Middle Eastern, Lebanese"
382755,https://www.swiggy.com/restaurants/savera-cafe-hkp-road-shivajinagar-bangalore-382755,Savera Cafe,4.3,₹100 FOR TWO,"Snacks, Beverages"
153876,https://www.swiggy.com/restaurants/the-kolkata-katiroll-1st-stage-indiranagar-bangalore-153876,The Kolkata Katiroll,4.1,₹200 FOR TWO,"Snacks, Beverages, Chinese"
578504,https://www.swiggy.com/restaurants/new-prakriti-deluxe-4th-block-rajajinagar-bangalore-578504,New Prakriti Deluxe,3.8,₹350 FOR TWO,"Indian, Biryani, Chinese, Snacks"
577199,https://www.swiggy.com/restaurants/pablos-sandwiches-3rd-block-koramangala-bangalore-577199,Pablo's Sandwiches,4.4,₹250 FOR TWO,"Healthy Food, American, European, Bakery, Juices, Sweets, Snacks, Cafe, Fast Foo..."
600209,https://www.swiggy.com/restaurants/the-momos-and-chaap-hal-2nd-stage-indiranagar-bangalore-600209,The Momos And Chaap,4.1,₹400 FOR TWO,"Indian, Beverages, Chinese"
534654,https://www.swiggy.com/restaurants/the-licious-kitchen-6th-block-koramangala-bangalore-534654,The Licious Kitchen,4.2,₹350 FOR TWO,"Kebabs, Snacks, Tandoor, North Indian, Beverages"
33253,https://www.swiggy.com/restaurants/happy-belly-bakes-cakes-and-desserts-primrose-road-m-g-road-bangalore-33253,Happy Belly Bakes- Cakes and Desserts,4.6,₹500 FOR TWO,"Desserts, Bakery, Snacks, Keto, Beverages"
651837,https://www.swiggy.com/restaurants/ammaiyar-restaurant-meanee-ave-rd-frazer-town-bangalore-651837,Ammaiyar Restaurant,4.3,₹449 FOR TWO,"Chinese, Indian, Seafood, Arabian"
709386,https://www.swiggy.com/restaurants/sana-kitchen-prakash-nagar-rajajinagar-bangalore-709386,Sana Kitchen,--,₹300 FOR TWO,"Biryani, Chinese, Kebabs"
14360,https://www.swiggy.com/restaurants/plan-b-ashok-nagar-bangalore-14360,Plan B,4.2,₹1200 FOR TWO,American
439628,https://www.swiggy.com/restaurants/madno-house-of-sundaes-brigade-road-bangalore-439628,Madno - House of Sundaes,3.9,₹250 FOR TWO,"Desserts, Ice Cream, Beverages"
554797,https://www.swiggy.com/restaurants/star-imperial-ashwini-layout-ejipura-bangalore-554797,Star Imperial,--,₹200 FOR TWO,"Biryani, Kebabs"
516465,https://www.swiggy.com/restaurants/doosri-biwi-4th-block-jayanagar-bangalore-516465,Doosri Biwi,4.2,₹400 FOR TWO,Snacks
613015,https://www.swiggy.com/restaurants/bengaluru-donne-biriyani-katte-gandhi-nagar-majestic-bangalore-613015,Bengaluru Donne Biriyani Katte,--,₹350 FOR TWO,"Biryani, South Indian, Indian"
499477,https://www.swiggy.com/restaurants/1bhk-bar-house-kitchen-koramangala-bangalore-499477,1BHK- Bar House Kitchen,4.3,₹800 FOR TWO,"Snacks, Indian, Fast Food"
685134,https://www.swiggy.com/restaurants/rolls-venue-lic-colony-jayanagar-bangalore-685134,Rolls Venue,--,₹120 FOR TWO,"Snacks, Chinese, Biryani"
184792,https://www.swiggy.com/restaurants/karavali-kolimane-wilson-garden-shanti-nagar-bangalore-184792,Karavali Kolimane,4,₹400 FOR TWO,"South Indian, Chinese, Tandoor, North Indian"
697145,https://www.swiggy.com/restaurants/gourmet-ice-cream-cakes-by-baskin-robbins-garuda-mall-magarath-road-bangalore-697145,Gourmet Ice Cream Cakes by Baskin Robbins,--,₹200 FOR TWO,"Ice Cream Cakes, Desserts, Ice Cream, Bakery"
